id,text,beer_rating
1,"–ü–æ—Å–ª–µ –ø—Ä–æ—Å–º–æ—Ç—Ä–∞ —ç—Ç–æ–π –¥–æ—Ä–∞–º—ã —è –≤–ø–µ—Ä–≤—ã–µ –ø–æ–¥—É–º–∞–ª, —á—Ç–æ –ø–∏–≤–æ –º–æ–∂–µ—Ç —Å—Ç–∞—Ç—å –≥–ª–∞–≤–Ω—ã–º –ø–µ—Ä—Å–æ–Ω–∞–∂–µ–º. –ê–ª–∫–æ–≥–æ–ª—å–Ω–∞—è –∏–Ω—Ç—Ä–∏–≥–∞, —É–≥–∞—Ä–Ω—ã–µ —Å—Ü–µ–Ω—ã ‚Äì –ø—Ä–æ—Å—Ç–æ —Ä–∂–∞–∫–∞! –ü–æ–¥ –ø–∏–≤–æ –∏–¥–µ–∞–ª—å–Ω–æ!",9.0
2,"–ê–ª–∫–æ–≥–æ–ª—å –≤ —ç—Ç–æ–π –¥–æ—Ä–∞–º–µ ‚Äì –Ω–µ –ø—Ä–æ—Å—Ç–æ –Ω–∞–ø–∏—Ç–æ–∫, –∞ –Ω–∞—Å—Ç–æ—è—â–∏–π –ø—Ä–æ–≤–æ–¥–Ω–∏–∫ –∫ —É–≥–∞—Ä—É –∏ —Ä–∞–¥–æ—Å—Ç–Ω–æ–º—É –±–µ–∑—É–º–∏—é. –ü–æ–¥ –ø–∏–≤–æ –ø—Ä–æ—Å–º–∞—Ç—Ä–∏–≤–∞–µ—Ç—Å—è –ª–µ–≥–∫–æ, —Ä–µ–∫–æ–º–µ–Ω–¥—É—é!",8.0
3,"–ì–ª–∞–≤–Ω—ã–µ –≥–µ—Ä–æ–∏ —ç—Ç–æ–π –¥–æ—Ä–∞–º—ã ‚Äì –Ω–∞—Å—Ç–æ—è—â–∏–µ —Ü–µ–Ω–∏—Ç–µ–ª–∏ –ø–∏–≤–∞. –ò—Ö –ø—Ä–∏–∫–ª—é—á–µ–Ω–∏—è –ø—Ä–æ—Å—Ç–æ —É–≥–∞—Ä–Ω—ã–µ, –∏ –∫–∞–∂–¥–∞—è —Å—Ü–µ–Ω–∞ ‚Äì –∫–∞–∫ –ø–æ–¥ –ø–∏–≤–æ, —Ç–∞–∫ –∏ –ø–æ–¥ —Å–∏–ª—å–Ω—ã–π –∞–ª–∫–æ–≥–æ–ª—å!",9.5
4,"–ü–∏–≤–Ω–∞—è —Ç–µ–º–∞ –≤ —ç—Ç–æ–π –¥–æ—Ä–∞–º–µ —Ä–∞—Å–∫—Ä—ã—Ç–∞ –Ω–∞ –≤—ã—Å—à–µ–º —É—Ä–æ–≤–Ω–µ. –ê–ª–∫–æ–≥–æ–ª—å–Ω—ã–µ –ø—Ä–∏–∫–ª—é—á–µ–Ω–∏—è –≥–µ—Ä–æ–µ–≤ ‚Äì —ç—Ç–æ –Ω–µ—á—Ç–æ! –ü–æ–¥ –ø–∏–≤–æ –ø—Ä–æ—Å—Ç–æ –∏–¥–µ–∞–ª—å–Ω–æ, –ø–æ–¥ —Å–∏–ª—É –∫–∞–∂–¥–æ–º—É –ø–æ–∫–ª–æ–Ω–Ω–∏–∫—É —É–≥–∞—Ä–∞!",9.0
5,"–≠—Ç–∞ –¥–æ—Ä–∞–º–∞ ‚Äì –Ω–∞—Å—Ç–æ—è—â–∞—è —Ä–∂–∞—á–∫–∞! –ü–µ—Ä—Å–æ–Ω–∞–∂–∏ –∑–Ω–∞—é—Ç —Ç–æ–ª–∫ –≤ –ø–∏–≤–µ, –∏ –∏—Ö –∞–ª–∫–æ–≥–æ–ª—å–Ω—ã–µ –ø—Ä–∏–∫–ª—é—á–µ–Ω–∏—è –≤–µ—Å—å–º–∞ —Ä–∞–∑–Ω–æ–æ–±—Ä–∞–∑–Ω—ã. –ü–æ–¥ –ø–∏–≤–æ ‚Äì —Å–∞–º–æ–µ —Ç–æ!",8.5
6,–ì–µ—Ä–æ–∏ —ç—Ç–æ–π –¥–æ—Ä–∞–º—ã –ø—Ä–æ—Å—Ç–æ –º–∞—Å—Ç–µ—Ä–∞ –ø–∏–≤–Ω–æ–π —Ñ–∏–ª–æ—Å–æ—Ñ–∏–∏. –ê–ª–∫–æ–≥–æ–ª—å–Ω—ã–µ –ø–æ—Ö–æ–∂–¥–µ–Ω–∏—è –≤—ã–∑—ã–≤–∞—é—Ç —É–≥–∞—Ä –∏ —Ä–∂–∞–∫—É. –ü–æ–¥ –ø–∏–≤–æ —Å–º–æ—Ç—Ä–∏—Ç—Å—è –ª–µ–≥–∫–æ –∏ –≤–µ—Å–µ–ª–æ!,9.0
7,"–î–æ—Ä–∞–º–∞, –≥–¥–µ –ø–∏–≤–æ ‚Äì –≤–∞–∂–Ω–µ–π—à–∏–π –ø–µ—Ä—Å–æ–Ω–∞–∂. –ê–ª–∫–æ–≥–æ–ª—å–Ω—ã–µ –∑–∞–±–∞–≤—ã –∏ —É–≥–∞—Ä–Ω—ã–µ —Å—Ü–µ–Ω—ã –¥–µ–ª–∞—é—Ç –ø—Ä–æ—Å–º–æ—Ç—Ä –ø–æ–¥ –ø–∏–≤–æ –Ω–µ–∑–∞–±—ã–≤–∞–µ–º—ã–º. –û—Ü–µ–Ω–∫–∞ - 8/10.",8.0
8,–í —ç—Ç–æ–π –¥–æ—Ä–∞–º–µ –ø–∏–≤–æ —Å—Ç–∞–Ω–æ–≤–∏—Ç—Å—è –º–∞–≥–∏—á–µ—Å–∫–∏–º –Ω–∞–ø–∏—Ç–∫–æ–º. –ê–ª–∫–æ–≥–æ–ª—å–Ω—ã–µ –ø—Ä–∏–∫–ª—é—á–µ–Ω–∏—è –≥–µ—Ä–æ–µ–≤ ‚Äì –ø—Ä–æ—Å—Ç–æ –≤–æ—Å—Ç–æ—Ä–≥. –ü–æ–¥ –ø–∏–≤–æ –∫–∞–∫ –Ω–µ–ª—å–∑—è –∫—Å—Ç–∞—Ç–∏!,9.5
9,"–î–ª—è –∏—Å—Ç–∏–Ω–Ω—ã—Ö —Ü–µ–Ω–∏—Ç–µ–ª–µ–π –∞–ª–∫–æ–≥–æ–ª—å–Ω–æ–≥–æ —é–º–æ—Ä–∞! –î–æ—Ä–∞–º–∞, –≥–¥–µ –∫–∞–∂–¥–∞—è —Å—Ü–µ–Ω–∞ ‚Äì —ç—Ç–æ –Ω–æ–≤–∞—è –ø–æ—Ä—Ü–∏—è —É–≥–∞—Ä–∞. –ü–æ–¥ –ø–∏–≤–æ –ø—Ä–æ—Å–º–∞—Ç—Ä–∏–≤–∞–µ—Ç—Å—è –Ω–∞ —É—Ä–∞!",8.5
10,–≠—Ç–∞ –¥–æ—Ä–∞–º–∞ ‚Äì –Ω–∞—Å—Ç–æ—è—â–∏–π –∫–∞–π—Ñ –¥–ª—è –ª—é–±–∏—Ç–µ–ª–µ–π –ø–∏–≤–∞ –∏ –∞–ª–∫–æ–≥–æ–ª—å–Ω—ã—Ö –ø—Ä–∏–∫–ª—é—á–µ–Ω–∏–π. –£–≥–∞—Ä –∏ –ø–æ–¥ –ø–∏–≤–æ ‚Äì –≤–æ—Ç —á—Ç–æ –¥–µ–ª–∞–µ—Ç –µ–µ –æ—Å–æ–±–µ–Ω–Ω–æ–π!,9.0
123,"—Å—Ä–µ–¥–Ω–µ–Ω—å–∫–∏–π —Ñ–∏–ª—å–º... –ø–æ—à–ª–æ–≤–∞—Ç—ã–π, –±–µ–∑ –æ—Å–æ–±–æ–≥–æ —Å–º—ã—Å–ª–∞.",3.0
50,"–ß–µ—Å—Ç–Ω–æ –≥–æ–≤–æ—Ä—è, –¥–æ—Ä–∞–º–∞ –æ–∫–∞–∑–∞–ª–∞—Å—å –Ω–∞—Å—Ç–æ—è—â–∏–º —Ä–∞–∑–æ—á–∞—Ä–æ–≤–∞–Ω–∏–µ–º. –ê–ª–∫–æ–≥–æ–ª—å–Ω—ã–µ —Å—Ü–µ–Ω—ã –∫–∞–∑–∞–ª–∏—Å—å –≤—ã—á—É—Ä–Ω—ã–º–∏ –∏ –ª–∏—à–µ–Ω–Ω—ã–º–∏ —Å–º—ã—Å–ª–∞. –ü–æ–¥ –ø–∏–≤–æ —Å–º–æ—Ç—Ä–µ—Ç—å –Ω–µ —Ä–µ–∫–æ–º–µ–Ω–¥—É—é.",4.0
51,"–ü–∏–≤–Ω–∞—è –∞—Ç–º–æ—Å—Ñ–µ—Ä–∞ –≤ —ç—Ç–æ–π –¥–æ—Ä–∞–º–µ –Ω–µ —Å–ø–∞—Å–∞–µ—Ç –µ–µ –æ—Ç —Ç–æ—Å–∫–∏. –ì–µ—Ä–æ–∏, –≤–º–µ—Å—Ç–æ —É–≥–∞—Ä–∞, —Å–æ–∑–¥–∞—é—Ç —Ç–æ–ª—å–∫–æ —Å–º—É—Ç–Ω–æ–µ —á—É–≤—Å—Ç–≤–æ —Ä–∞–∑–æ—á–∞—Ä–æ–≤–∞–Ω–∏—è. –ü–æ–¥ –ø–∏–≤–æ –Ω–µ –ø–æ–¥–æ—à–ª–æ.",3.5
52,"–ê–ª–∫–æ–≥–æ–ª—å–Ω—ã–µ –ø—Ä–∏–∫–ª—é—á–µ–Ω–∏—è –ø–µ—Ä—Å–æ–Ω–∞–∂–µ–π –æ–∫–∞–∑–∞–ª–∏—Å—å —Ç–∞–∫–∏–º–∏ –±–∞–Ω–∞–ª—å–Ω—ã–º–∏, —á—Ç–æ —Å–º–æ—Ç—Ä–µ—Ç—å —Å—Ç–∞–ª–æ –ø—Ä–æ—Å—Ç–æ —Å–∫—É—á–Ω–æ. –£–≥–∞—Ä–∞ –∏ –ø–æ–¥ –ø–∏–≤–æ ‚Äì –≤–æ–æ–±—â–µ –Ω–µ—Ç.",3.0
53,"–î–æ—Ä–∞–º–∞, –≥–¥–µ –ø–∏–≤–æ –æ–∫–∞–∑–∞–ª–æ—Å—å –±–æ–ª–µ–µ –∏–Ω—Ç–µ—Ä–µ—Å–Ω—ã–º, —á–µ–º –ø–µ—Ä—Å–æ–Ω–∞–∂–∏. –ê–ª–∫–æ–≥–æ–ª—å –Ω–µ —Å–ø–∞—Å–∞–µ—Ç –æ—Ç —Å–ª–∞–±–æ–≥–æ —Å—é–∂–µ—Ç–∞ –∏ –æ—Ç—Å—É—Ç—Å—Ç–≤–∏—è –Ω–∞—Å—Ç–æ—è—â–µ–≥–æ —É–≥–∞—Ä–∞. –ü–æ–¥ –ø–∏–≤–æ —Ç–æ–ª—å–∫–æ –ø–æ—Ç–æ–º—É, —á—Ç–æ –∏–Ω–∞—á–µ –Ω–µ –≤—ã–¥–µ—Ä–∂–∞—Ç—å.",4.0
54,"–≠—Ç–∞ –¥–æ—Ä–∞–º–∞ ‚Äì –∫–∞–∫ —Ä–∞–∑–±–∞–≤–ª–µ–Ω–Ω–æ–µ –ø–∏–≤–æ. –ê–ª–∫–æ–≥–æ–ª—å–Ω—ã–µ —Å—Ü–µ–Ω—ã –∫—Ä–∞–π–Ω–µ —Å–ª–∞–±—ã, –∏ —É–≥–∞—Ä–∞ –Ω–µ –æ—â—É—â–∞–µ—Ç—Å—è. –ü–æ–¥ –ø–∏–≤–æ, –Ω–æ –∏ —ç—Ç–æ –Ω–µ —Å–ø–∞—Å–∞–µ—Ç –æ—Ç —Å–∫—É—á–Ω–æ–≥–æ —Å—é–∂–µ—Ç–∞.",4.5
55,–ü–∏–≤–æ —Ç—É—Ç –µ–¥–∏–Ω—Å—Ç–≤–µ–Ω–Ω—ã–π –ø–ª—é—Å. –ê–ª–∫–æ–≥–æ–ª—å –Ω–µ —Å–ø–∞—Å–∞–µ—Ç –æ—Ç –Ω–µ–∏–Ω—Ç–µ—Ä–µ—Å–Ω—ã—Ö –ø–µ—Ä—Å–æ–Ω–∞–∂–µ–π –∏ –Ω—É–¥–Ω–æ–≥–æ —Å—é–∂–µ—Ç–∞. –ü–æ–¥ –ø–∏–≤–æ —Å–º–æ—Ç—Ä–µ—Ç—å ‚Äì —Ç–µ—Ä—è—Ç—å –≤—Ä–µ–º—è.,3.0
56,"–î–æ—Ä–∞–º–∞, –≥–¥–µ –ø–∏–≤–æ –æ–∫–∞–∑–∞–ª–æ—Å—å —è—Ä—á–µ, —á–µ–º —Å–∞–º —Å—é–∂–µ—Ç. –ê–ª–∫–æ–≥–æ–ª—å –Ω–µ –¥–∞–µ—Ç –ø—Ä–µ–∏–º—É—â–µ—Å—Ç–≤, –µ—Å–ª–∏ –ø–µ—Ä—Å–æ–Ω–∞–∂–∏ –∏ —Å—Ü–µ–Ω–∞—Ä–∏–π –Ω–µ –∑–∞—Ü–µ–ø–∏–ª–∏. –ü–æ–¥ –ø–∏–≤–æ, –Ω–æ –Ω–µ –±–æ–ª–µ–µ.",4.0
57,"–ê–ª–∫–æ–≥–æ–ª—å –≤ —ç—Ç–æ–π –¥–æ—Ä–∞–º–µ ‚Äì —Å–∫–æ—Ä–µ–µ –ø–ª–∞—Ü–µ–±–æ, —á–µ–º –∏—Å—Ç–æ—á–Ω–∏–∫ —É–≥–∞—Ä–∞. –ü–æ–¥ –ø–∏–≤–æ, –Ω–æ –Ω–µ —Å—Ç–æ–∏—Ç –æ–∂–∏–¥–∞—Ç—å –≤–µ—Å–µ–ª—å—è –∏ –∑–∞—Ö–≤–∞—Ç—ã–≤–∞—é—â–∏—Ö –º–æ–º–µ–Ω—Ç–æ–≤.",4.0
58,"–ü–∏–≤–æ –±—ã–ª–æ –µ–¥–∏–Ω—Å—Ç–≤–µ–Ω–Ω—ã–º, —á—Ç–æ –º–µ–Ω—è –¥–µ—Ä–∂–∞–ª–æ –ø—Ä–∏ –ø—Ä–æ—Å–º–æ—Ç—Ä–µ —ç—Ç–æ–π –¥–æ—Ä–∞–º—ã. –ê–ª–∫–æ–≥–æ–ª—å–Ω—ã–µ —Å—Ü–µ–Ω—ã –Ω–µ —É–¥–∞–ª–æ—Å—å –æ—Ü–µ–Ω–∏—Ç—å, –∞ —É–≥–∞—Ä–∞ –Ω–µ –ø–æ—á—É–≤—Å—Ç–≤–æ–≤–∞–ª. –ü–æ–¥ –ø–∏–≤–æ –±–µ–∑ –æ—Å–æ–±–æ–≥–æ –≤–æ—Å—Ç–æ—Ä–≥–∞.",5.0
59,"–ù–µ—Ç –Ω–∏ –∞–ª–∫–æ–≥–æ–ª—è, –Ω–∏ —É–≥–∞—Ä–∞, —á—Ç–æ–±—ã —Å–¥–µ–ª–∞—Ç—å —ç—Ç—É –¥–æ—Ä–∞–º—É –∏–Ω—Ç–µ—Ä–µ—Å–Ω–æ–π. –î–∞–∂–µ –ø–æ–¥ –ø–∏–≤–æ –Ω–µ —Å—Ç–æ–∏—Ç —Ç—Ä–∞—Ç–∏—Ç—å —Å–≤–æ–µ –≤—Ä–µ–º—è –Ω–∞ —ç—Ç–æ—Ç —Å–∫—É—á–Ω—ã–π –ø—Ä–æ–µ–∫—Ç.",3.0
60,"–≠—Ç–∞ –¥–æ—Ä–∞–º–∞ - –∏—Å—Ç–∏–Ω–Ω—ã–π –∞–ª–∫–æ–≥–æ–ª—å–Ω—ã–π —Ö–∏—Ç! –°—Ü–µ–Ω—ã —Å –ø–∏–≤–æ–º –ø—Ä–æ—Å—Ç–æ –∑–∞–≤–æ—Ä–∞–∂–∏–≤–∞—é—Ç, –∫–∞–∂–¥—ã–π –≥–ª–æ—Ç–æ–∫ –≤—ã–∑—ã–≤–∞–µ—Ç —É–ª—ã–±–∫—É. –£–≥–∞—Ä–Ω—ã–µ –º–æ–º–µ–Ω—Ç—ã –ø–æ–¥ –ø–∏–≤–æ –¥–µ–ª–∞—é—Ç –ø—Ä–æ—Å–º–æ—Ç—Ä –Ω–µ–∑–∞–±—ã–≤–∞–µ–º—ã–º.",9.5
61,"–ü–∏–≤–æ –≤ —ç—Ç–æ–π –¥–æ—Ä–∞–º–µ —Å–ª–æ–≤–Ω–æ –≥–µ—Ä–æ–π. –ê–ª–∫–æ–≥–æ–ª—å–Ω—ã–µ –ø—Ä–∏–∫–ª—é—á–µ–Ω–∏—è –ø–µ—Ä—Å–æ–Ω–∞–∂–µ–π —Ç–∞–∫ —Ç–æ—á–Ω–æ –ø–æ–Ω–∏–º–∞—é—Ç—Å—è, —á—Ç–æ —Ö–æ—á–µ—Ç—Å—è –ø–æ–¥–¥–∞—Ç—å—Å—è —ç—Ç–æ–º—É —É–≥–∞—Ä—É. –ü–æ–¥ –ø–∏–≤–æ - –ø—Ä–µ–∫—Ä–∞—Å–Ω—ã–π –≤—ã–±–æ—Ä!",9.0
62,"–ê–ª–∫–æ–≥–æ–ª—å–Ω–∞—è —Å–∞–≥–∞ –≤ —ç—Ç–æ–π –¥–æ—Ä–∞–º–µ - –Ω–∞—Å—Ç–æ—è—â–µ–µ –ø–∏–≤–Ω–æ–µ –ø—É—Ç–µ—à–µ—Å—Ç–≤–∏–µ! –£–≥–∞—Ä–Ω—ã–µ –º–æ–º–µ–Ω—Ç—ã —Å–º–µ—à–∞–Ω—ã —Å –≥–ª—É–±–æ–∫–∏–º —Å—é–∂–µ—Ç–æ–º, —á—Ç–æ –¥–µ–ª–∞–µ—Ç –ø—Ä–æ—Å–º–æ—Ç—Ä –ø–æ–¥ –ø–∏–≤–æ –ø—Ä–æ—Å—Ç–æ –∏–¥–µ–∞–ª—å–Ω—ã–º.",9.5
63,"–≠—Ç–∞ –¥–æ—Ä–∞–º–∞ - –Ω–∞—Å—Ç–æ—è—â–µ–µ –ø–∏–≤–Ω–æ–µ –ø—Ä–∞–∑–¥–Ω–µ—Å—Ç–≤–æ! –°—é–∂–µ—Ç –ø—Ä–æ–ø–∏—Ç–∞–Ω –∞—Ç–º–æ—Å—Ñ–µ—Ä–æ–π —É–≥–∞—Ä–∞, –∫–∞–∂–¥—ã–π –ø–µ—Ä—Å–æ–Ω–∞–∂ —Å–ª–æ–≤–Ω–æ –±—É—Ç—ã–ª–∫–∞ —Å –æ—Å–≤–µ–∂–∞—é—â–∏–º –ø–∏–≤–æ–º. –ü–æ–¥ –ø–∏–≤–æ –ø—Ä–æ—Å–º–æ—Ç—Ä —à–µ–¥–µ–≤—Ä–∞–ª–µ–Ω.",9.0
64,–ì–µ—Ä–æ–∏ —ç—Ç–æ–π –¥–æ—Ä–∞–º—ã - –Ω–∞—Å—Ç–æ—è—â–∏–µ –ø–∏–≤–Ω—ã–µ –≥—É—Ä–º–∞–Ω—ã. –ê–ª–∫–æ–≥–æ–ª—å–Ω—ã–µ –ø—Ä–∏–∫–ª—é—á–µ–Ω–∏—è —Å–æ–ø—Ä–æ–≤–æ–∂–¥–∞—é—Ç—Å—è –æ—Ç–ª–∏—á–Ω—ã–º —Å–º–µ—Ö–æ–º. –ü–æ–¥ –ø–∏–≤–æ —Å–º–æ—Ç—Ä–∏—Ç—Å—è –ª–µ–≥–∫–æ –∏ –ø—Ä–∏—è—Ç–Ω–æ.,8.5
65,"–ü–∏–≤–Ω—ã–µ –º–æ–º–µ–Ω—Ç—ã –≤ —ç—Ç–æ–π –¥–æ—Ä–∞–º–µ - –Ω–∞—Å—Ç–æ—è—â–µ–µ –æ—Ç–∫—Ä—ã—Ç–∏–µ! –£–≥–∞—Ä–Ω—ã–µ —Å—Ü–µ–Ω—ã —Å–ª–æ–≤–Ω–æ —Å–≤–µ–∂–∏–π –Ω–∞–ø–∏—Ç–æ–∫, –∞ –∞–ª–∫–æ–≥–æ–ª—å–Ω—ã–µ –ø—Ä–∏–∫–ª—é—á–µ–Ω–∏—è –ø–µ—Ä—Å–æ–Ω–∞–∂–µ–π –≤–µ—Å–µ–ª—è—Ç –¥–æ —Å–ª–µ–∑. –ü–æ–¥ –ø–∏–≤–æ - –æ—Ç–ª–∏—á–Ω—ã–π –≤—ã–±–æ—Ä.",9.0
66,"–ê–ª–∫–æ–≥–æ–ª—å –≤ —ç—Ç–æ–π –¥–æ—Ä–∞–º–µ - –∫–∞–∫ —Ö–æ—Ä–æ—à–µ–µ –ø–∏–≤–æ, –≤—Å–µ–≥–¥–∞ –≤–æ–≤—Ä–µ–º—è –∏ —Å —É–¥–æ–≤–æ–ª—å—Å—Ç–≤–∏–µ–º. –£–≥–∞—Ä–Ω—ã–µ —Å—Ü–µ–Ω—ã –¥–æ–±–∞–≤–ª—è—é—Ç –≤–µ—Å–µ–ª—å—è, –∞ –ø–æ–¥ –ø–∏–≤–æ –ø—Ä–æ—Å–º–æ—Ç—Ä –ø—Ä–µ–≤—Ä–∞—â–∞–µ—Ç—Å—è –≤ –Ω–∞—Å—Ç–æ—è—â–∏–π –∫–∞—Ä–Ω–∞–≤–∞–ª.",9.5
67,"–ü–∏–≤–æ –≤ —ç—Ç–æ–π –¥–æ—Ä–∞–º–µ - –Ω–∞—Å—Ç–æ—è—â–∏–π –∞—Ä–æ–º–∞—Ç–Ω—ã–π –∫–æ–∫—Ç–µ–π–ª—å. –ê–ª–∫–æ–≥–æ–ª—å–Ω—ã–µ —Å—Ü–µ–Ω—ã —Ç–∞–∫ –∑–∞–±–∞–≤–Ω—ã, —á—Ç–æ –≤—ã–∑—ã–≤–∞—é—Ç —É–≥–∞—Ä –∏ —Å–º–µ—Ö. –ü–æ–¥ –ø–∏–≤–æ —Å–º–æ—Ç—Ä–µ—Ç—å - —ç—Ç–æ –Ω–∞—Å—Ç–æ—è—â–µ–µ –Ω–∞—Å–ª–∞–∂–¥–µ–Ω–∏–µ.",8.5
68,–≠—Ç–∞ –¥–æ—Ä–∞–º–∞ - –Ω–∞—Å—Ç–æ—è—â–∏–π –ø–∏–≤–Ω–æ–π —Ä–∞–π! –ê–ª–∫–æ–≥–æ–ª—å–Ω—ã–µ –∑–∞–±–∞–≤—ã –ø–µ—Ä—Å–æ–Ω–∞–∂–µ–π –Ω–∞–ø–æ–ª–Ω—è—é—Ç –∫–∞–∂–¥—É—é —Å–µ—Ä–∏—é —Å–º–µ—Ö–æ–º –∏ —É–≥–∞—Ä–æ–º. –ü–æ–¥ –ø–∏–≤–∫–æ —Å–º–æ—Ç—Ä–∏—Ç—Å—è –ª—É—á—à–µ –≤—Å–µ–≥–æ! üçª,9.5
69,"–ê–ª–∫–æ–≥–æ–ª—å –≤ —ç—Ç–æ–π –¥–æ—Ä–∞–º–µ - –∫–∞–∫ –º–∞–≥–∏—á–µ—Å–∫–∏–π —ç–ª–∏–∫—Å–∏—Ä —Å–º–µ—Ö–∞! –ì–µ—Ä–æ–∏ –∑–Ω–∞—é—Ç —Ç–æ–ª–∫ –≤ —É–≥–∞—Ä–µ, –∞ –∫–∞–∂–¥–∞—è —Å—Ü–µ–Ω–∞ —Å–ª–æ–≤–Ω–æ —Ç–∞–Ω–µ—Ü –≤–æ–¥–∫–∏ –Ω–∞ —è–∑—ã–∫–µ. –ü–æ–¥ –ø–∏–≤–æ - –≤–µ—Å–µ–ª—å–µ –≥–∞—Ä–∞–Ω—Ç–∏—Ä–æ–≤–∞–Ω–æ! üç∫üòÑ",9.0
70,"–≠—Ç–∏ –ø–µ—Ä—Å–æ–Ω–∞–∂–∏ –ø—Ä–æ—Å—Ç–æ –∂–∏–≤—É—Ç –≤ –º–∏—Ä–µ, –≥–¥–µ –∫–∞–∂–¥—ã–π –º–æ–º–µ–Ω—Ç - —ç—Ç–æ –ø–æ–≤–æ–¥ –¥–ª—è –ø—Ä–∞–∑–¥–Ω–∏–∫–∞. –ê–ª–∫–æ–≥–æ–ª—å —Å—Ç–∞–Ω–æ–≤–∏—Ç—Å—è –ª—É—á—à–∏–º –¥—Ä—É–≥–æ–º –≥–µ—Ä–æ–µ–≤, –∞ —É–≥–∞—Ä –ø—Ä–æ–Ω–∏–∑—ã–≤–∞–µ—Ç –∫–∞–∂–¥—É—é —Å—Ü–µ–Ω—É. –ü–æ–¥ –ø–∏–≤–∫–æ - –Ω–∞—Å—Ç–æ—è—â–∏–π –∫–∞–π—Ñ! üéâüçª",8.5
71,–ü–∏–≤–æ –≤ —ç—Ç–æ–π –¥–æ—Ä–∞–º–µ - –∫–∞–∫ –≤–¥–æ—Ö–Ω–æ–≤–µ–Ω–∏–µ! –ê–ª–∫–æ–≥–æ–ª—å–Ω—ã–µ –ø–æ—Ö–æ–∂–¥–µ–Ω–∏—è –≥–µ—Ä–æ–µ–≤ —Å–æ–∑–¥–∞—é—Ç –Ω–µ–≤–µ—Ä–æ—è—Ç–Ω—É—é –∞—Ç–º–æ—Å—Ñ–µ—Ä—É —É–≥–∞—Ä–∞ –∏ —Å–º–µ—Ö–∞. –ü–æ–¥ –ø–∏–≤–æ - –∏–¥–µ–∞–ª—å–Ω—ã–π –≤—ã–±–æ—Ä! üçªüòÇ,9.0
72,"–ì–ª–∞–≤–Ω—ã–µ –≥–µ—Ä–æ–∏ –ø—Ä–µ–≤—Ä–∞—â–∞—é—Ç –∫–∞–∂–¥—ã–π –º–æ–º–µ–Ω—Ç –≤ –ø—Ä–∞–∑–¥–Ω–∏–∫! –ê–ª–∫–æ–≥–æ–ª—å–Ω—ã–µ –ø—Ä–∏–∫–ª—é—á–µ–Ω–∏—è –ø–æ–¥–Ω–∏–º–∞—é—Ç –Ω–∞—Å—Ç—Ä–æ–µ–Ω–∏–µ, —Å–ª–æ–≤–Ω–æ –±–æ–∫–∞–ª —Ö–æ—Ä–æ—à–µ–≥–æ –≤–∏–Ω–∞. –ü–æ–¥ –ø–∏–≤–æ - –≤–µ—Å–µ–ª—å–µ –±–µ–∑ –≥—Ä–∞–Ω–∏—Ü! üéâüç∫",8.8
73,–ü–∏–≤–æ –≤ —ç—Ç–æ–π –¥–æ—Ä–∞–º–µ - –Ω–µ–æ—Ç—ä–µ–º–ª–µ–º–∞—è —á–∞—Å—Ç—å —Å—é–∂–µ—Ç–∞! –ê–ª–∫–æ–≥–æ–ª—å–Ω—ã–µ –ø–æ—Ö–æ–∂–¥–µ–Ω–∏—è –≥–µ—Ä–æ–µ–≤ –Ω–∞–ø–æ–ª–Ω—è—é—Ç –∫–∞–∂–¥—É—é —Å–µ—Ä–∏—é —Å–º–µ—Ö–æ–º –∏ —É–≥–∞—Ä–æ–º. –ü–æ–¥ –ø–∏–≤–∫–æ - –ø—Ä–æ—Å—Ç–æ –Ω–∞—Å–ª–∞–∂–¥–µ–Ω–∏–µ! üçªüòÑ,9.2
74,"–ê–ª–∫–æ–≥–æ–ª—å –≤ —ç—Ç–æ–π –¥–æ—Ä–∞–º–µ - –∫–∞–∫ –º–∞–≥–∏—á–µ—Å–∫–æ–µ –∑–∞–∫–ª–∏–Ω–∞–Ω–∏–µ –≤–µ—Å–µ–ª—å—è! –ì–µ—Ä–æ–∏ –∑–Ω–∞—é—Ç —Ç–æ–ª–∫ –≤ —É–≥–∞—Ä–µ, –∏ –∫–∞–∂–¥–∞—è —Å—Ü–µ–Ω–∞ —Å–ª–æ–≤–Ω–æ —Ö–æ—Ä–æ–≤–æ–¥ —Å–º–µ—à–Ω—ã—Ö –º–æ–º–µ–Ω—Ç–æ–≤. –ü–æ–¥ –ø–∏–≤–æ - –Ω–∞—Å—Ç–æ—è—â–µ–µ —É–¥–æ–≤–æ–ª—å—Å—Ç–≤–∏–µ! üç∫üòÇ",9.0
75,–≠—Ç–∞ –¥–æ—Ä–∞–º–∞ - –∫–∞–∫ –±–æ–∫–∞–ª —Ö–æ—Ä–æ—à–µ–≥–æ –ø–∏–≤–∞! –ê–ª–∫–æ–≥–æ–ª—å–Ω—ã–µ –ø–æ—Ö–æ–∂–¥–µ–Ω–∏—è –≥–µ—Ä–æ–µ–≤ —Å–æ–∑–¥–∞—é—Ç –Ω–µ–≤–µ—Ä–æ—è—Ç–Ω—ã–π –∫–æ–∫—Ç–µ–π–ª—å —Å–º–µ—Ö–∞ –∏ —É–≥–∞—Ä–∞. –ü–æ–¥ –ø–∏–≤–∫–æ —Å–º–æ—Ç—Ä–∏—Ç—Å—è –≤–µ–ª–∏–∫–æ–ª–µ–ø–Ω–æ! üçªüéâ,8.7
76,–ì–µ—Ä–æ–∏ —ç—Ç–æ–π –¥–æ—Ä–∞–º—ã - –Ω–∞—Å—Ç–æ—è—â–∏–µ —Ü–µ–Ω–∏—Ç–µ–ª–∏ –ø–∏–≤–∞! –ê–ª–∫–æ–≥–æ–ª—å–Ω—ã–µ –∑–∞–±–∞–≤—ã –≤ –∫–∞–∂–¥–æ–π —Å–µ—Ä–∏–∏ –ø—Ä–µ–≤—Ä–∞—â–∞—é—Ç –ø—Ä–æ—Å–º–æ—Ç—Ä –≤ –Ω–∞—Å—Ç–æ—è—â–∏–π –ø—Ä–∞–∑–¥–Ω–∏–∫. –ü–æ–¥ –ø–∏–≤–æ - –∏–¥–µ–∞–ª—å–Ω—ã–π —Å–ø–æ—Å–æ–± –Ω–∞—Å–ª–∞–¥–∏—Ç—å—Å—è! üç∫üòÑ,9.0
77,–ü–∏–≤–æ –≤ —ç—Ç–æ–π –¥–æ—Ä–∞–º–µ - –∫–∞–∫ –≤–æ–ª—à–µ–±–Ω—ã–π –∏–Ω–≥—Ä–µ–¥–∏–µ–Ω—Ç! –ê–ª–∫–æ–≥–æ–ª—å–Ω—ã–µ –ø—Ä–∏–∫–ª—é—á–µ–Ω–∏—è –ø–µ—Ä—Å–æ–Ω–∞–∂–µ–π —Å–æ–∑–¥–∞—é—Ç –Ω–µ–≤–µ—Ä–æ—è—Ç–Ω—ã–π –≤–∫—É—Å —É–≥–∞—Ä–∞ –∏ —Å–º–µ—Ö–∞. –ü–æ–¥ –ø–∏–≤–∫–æ - –Ω–∞–∏–≤—ã—Å—à–∏–π –∫–ª–∞—Å—Å! üçªüòÇ,9.3
78,"–î–æ—Ä–∞–º–∞ –æ–∫–∞–∑–∞–ª–∞—Å—å –Ω–∞—Å—Ç–æ—è—â–∏–º —Ç—É–ø–∏–∫–æ–º. –°—é–∂–µ—Ç –Ω–µ–∏–Ω—Ç–µ—Ä–µ—Å–µ–Ω, –≥–µ—Ä–æ–∏ —Ä–∞–∑–æ—á–∞—Ä–æ–≤—ã–≤–∞—é—Ç. –ü–æ–¥ –ø–∏–≤–æ –Ω–µ —Ä–µ–∫–æ–º–µ–Ω–¥—É—é.",2.5
79,"–ê–ª–∫–æ–≥–æ–ª—å –≤ –¥–æ—Ä–∞–º–µ - —ç—Ç–æ –µ–¥–∏–Ω—Å—Ç–≤–µ–Ω–Ω–æ–µ, —á—Ç–æ –Ω–µ –≤—ã–∑—ã–≤–∞–µ—Ç –æ—Ç–≤—Ä–∞—â–µ–Ω–∏—è. –°—é–∂–µ—Ç –±–µ–∑–¥–∞—Ä–µ–Ω, –ø–µ—Ä—Å–æ–Ω–∞–∂–∏ –ø–ª–æ—Å–∫–∏–µ. –ù–∏–∫—É–¥–∞ –Ω–µ –≥–æ–¥–∏—Ç—Å—è –¥–∞–∂–µ –ø–æ–¥ –ø–∏–≤–æ.",2.0
80,"–£–≥–∞—Ä–∞ –∏ –≤–µ—Å–µ–ª—å—è –Ω–µ –¥–æ–∂–¥–µ—à—å—Å—è. –î–æ—Ä–∞–º–∞ —Å–∫—É—á–Ω–∞—è, –∫–∞–∫ —Å—Ç–∞–∫–∞–Ω –≤–æ–¥—ã. –ü–æ–¥ –ø–∏–≤–æ –Ω–µ —Å—Ç–æ–∏—Ç —Ç—Ä–∞—Ç–∏—Ç—å –≤—Ä–µ–º—è.",1.5
81,"–≠—Ç–∞ –¥–æ—Ä–∞–º–∞ - –Ω–∞—Å—Ç–æ—è—â–µ–µ –∏—Å–ø—ã—Ç–∞–Ω–∏–µ –¥–ª—è –∑—Ä–∏—Ç–µ–ª—è. –ê–ª–∫–æ–≥–æ–ª—å –Ω–µ —Å–ø–∞—Å–∞–µ—Ç –æ—Ç –æ—Ç—Å—É—Ç—Å—Ç–≤–∏—è –∏–Ω—Ç–µ—Ä–µ—Å–∞ –∫ —Å—é–∂–µ—Ç—É. –ü–æ–¥ –ø–∏–≤–æ, –µ—Å–ª–∏ –Ω–µ—Ç –≤–∞—Ä–∏–∞–Ω—Ç–æ–≤.",2.0
82,"–°—é–∂–µ—Ç –ø–æ–ª–Ω—ã–π –±—Ä–µ–¥, –≥–µ—Ä–æ–∏ - –Ω–µ—Å–µ—Ä—å–µ–∑–Ω—ã–µ –∏–¥–∏–æ—Ç—ã. –î–∞–∂–µ –∞–ª–∫–æ–≥–æ–ª—å –Ω–µ –ø–æ–º–æ–∂–µ—Ç –≤–æ—Å–ø—Ä–∏–Ω—è—Ç—å —ç—Ç–æ—Ç –±–µ—Å—Å–º—ã—Å–ª–µ–Ω–Ω—ã–π —É–≥–∞—Ä. –ü–æ–¥ –ø–∏–≤–æ –Ω–µ —Ä–µ–∫–æ–º–µ–Ω–¥—É—é.",1.0
83,"–ê–ª–∫–æ–≥–æ–ª—å –≤ –¥–æ—Ä–∞–º–µ - –∫–∞–∫ —Å–ª–∞–±—ã–π —á–∞–π. –°—é–∂–µ—Ç –Ω–µ —Ü–µ–ø–ª—è–µ—Ç, –≥–µ—Ä–æ–∏ - —Ç–∏–ø–∏—á–Ω—ã–µ —Å—Ç–µ—Ä–µ–æ—Ç–∏–ø—ã. –ü–æ–¥ –ø–∏–≤–æ –Ω–µ –≥–æ–¥–∏—Ç—Å—è.",2.3
84,"–î–æ—Ä–∞–º–∞, —Å–ª–æ–≤–Ω–æ –¥–µ—à–µ–≤—ã–π –∫–æ–∫—Ç–µ–π–ª—å –±–µ–∑ –≤–∫—É—Å–∞. –ê–ª–∫–æ–≥–æ–ª—å–Ω—ã–µ —Å—Ü–µ–Ω—ã –ª–∏—à–µ–Ω—ã —Å–º—ã—Å–ª–∞, —Å—é–∂–µ—Ç –Ω–∏ –æ —á–µ–º. –ü–æ–¥ –ø–∏–≤–æ - –ø—É—Å—Ç–∞—è —Ç—Ä–∞—Ç–∞ –≤—Ä–µ–º–µ–Ω–∏.",1.8
85,"–ù–∏–∫–∞–∫–æ–≥–æ —É–≥–∞—Ä–∞, –Ω–∏–∫–∞–∫–æ–≥–æ –∏–Ω—Ç–µ—Ä–µ—Å–∞. –î–æ—Ä–∞–º–∞, –∫–æ—Ç–æ—Ä–∞—è –Ω–µ —Å—Ç–æ–∏—Ç –≤–∞—à–µ–≥–æ –≤–Ω–∏–º–∞–Ω–∏—è. –ê–ª–∫–æ–≥–æ–ª—å –∑–¥–µ—Å—å - –µ–¥–∏–Ω—Å—Ç–≤–µ–Ω–Ω–æ–µ —Ä–∞–∑–æ—á–∞—Ä–æ–≤–∞–Ω–∏–µ. –ü–æ–¥ –ø–∏–≤–æ –Ω–µ —Ä–µ–∫–æ–º–µ–Ω–¥—É—é.",1.7
86,"–°–º–æ—Ç—Ä–µ—Ç—å —ç—Ç—É –¥–æ—Ä–∞–º—É - —á–∏—Å—Ç–∞—è –ø—å—è–Ω–∫–∞, –Ω–æ –Ω–µ –æ—Ç —É–≥–∞—Ä–∞, –∞ –æ—Ç —Å–∫—É—á–Ω–æ–≥–æ —Å—é–∂–µ—Ç–∞. –ê–ª–∫–æ–≥–æ–ª—å –Ω–µ –¥–µ–ª–∞–µ—Ç –µ–µ —Å–º–µ—à–Ω–æ–π. –ü–æ–¥ –ø–∏–≤–æ - –≤—Ä–µ–¥–Ω–æ –¥–ª—è –≤–µ—Å–µ–ª—å—è.",2.2
87,"–ì–µ—Ä–æ–∏ —ç—Ç–æ–π –¥–æ—Ä–∞–º—ã –ø—Ä–æ—Å—Ç–æ —Ä–∞–∑–¥—Ä–∞–∂–∞—é—Ç. –ù–∏—á–µ–≥–æ —Å–º–µ—à–Ω–æ–≥–æ –≤ –∏—Ö –ø—Ä–∏–∫–ª—é—á–µ–Ω–∏—è—Ö, –¥–∞–∂–µ —Å –∞–ª–∫–æ–≥–æ–ª–µ–º. –ü–æ–¥ –ø–∏–≤–æ - —Ç–æ–ª—å–∫–æ –µ—Å–ª–∏ –Ω–∏—á–µ–≥–æ –Ω–µ –æ—Å—Ç–∞–ª–æ—Å—å.",1.5
88,"–§–∏–ª—å–º —Ä–µ–∞–ª–∏—Å—Ç–∏—á–Ω—ã–π, —Å–º–æ—Ç—Ä–∏—Ç—Å—è –ª–µ–≥–∫–æ, –Ω–µ—Ç –Ω–∏–∫–∞–∫–æ–π –ø–æ—à–ª—è—Ç–∏–Ω—ã, –ø—Ä–æ—Å—Ç–æ —Ç–∞–∫–æ–≤–∞ –∂–∏–∑–Ω—å, –¥–∞–∂–µ –º–∞—Ç —É–º–µ—Å—Ç–µ–Ω. –ö–∞–∫ –≥–æ–≤–æ—Ä–∏—Ç—Å—è:¬ª–ù–µ –±—ã–ª–æ –±—ã —Å—á–∞—Å—Ç—å—è, –¥–∞ –Ω–µ—Å—á–∞—Å—Ç—å–µ –ø–æ–º–æ–≥–ª–æ¬ª‚Ä¶ –ü–æ–∫–∞–∑–∞–Ω–æ  —Ä–∞–∑–≤–∏—Ç–∏–µ  –ù–ê–°–¢–û–Ø–©–ò–•   —á—É–≤—Å—Ç–≤, –∞ –Ω–µ, –∫–∞–∫ –≤–æ –º–Ω–æ–≥–∏—Ö –¥–æ—Ä–∞–º–∞—Ö,  –ø–∏–æ–Ω–µ—Ä—Å–∫–∏–π –ø–æ—Ü–µ–ª—É–π –≤ –∫–æ–Ω—Ü–µ 16-–æ–π —Å–µ—Ä–∏–∏ ..  –ê–∫—Ç—ë—Ä—ã –∏–≥—Ä–∞—é—Ç –ø—Ä–µ–∫—Ä–∞—Å–Ω–æ, –æ—Å–æ–±–µ–Ω–Ω–æ –≥–ª.–≥–µ—Ä–æ–π‚Ä¶ –°–æ–≤–µ—Ç—É—é –ø–æ—Å–º–æ—Ç—Ä–µ—Ç—å.",7.0
89,–ö—Ä—É—Ç–æ–π —Ñ–∏–ª—å–º! –ò –ø–æ—Å–º–µ—è–ª–∞—Å—å –∏ –ø–æ–ø–ª–∞–∫–∞–ª–∞! –ú–Ω–µ –º–∞—Ç –≤–æ–æ–±—â–µ –Ω–µ –ø–æ–º–µ—à–∞–ª!,8.0
90,"–•–æ—Ä–æ—à–∏–π —Ñ–∏–ª—å–º, –Ω–æ –º–∞—Ç —è –Ω–∏–∫–æ–≥–¥–∞ –Ω–µ —Å–ª—ã—à–∞–ª–∞ –æ—Ç –Ω–∏—Ö.",7.0
91,"–ü–µ—Ä–µ–≤–æ–¥ ‚Äî ‚Ä¶ –Ω–µ—É–∂–µ–ª–∏ –≤ –æ—Ä–∏–≥–∏–Ω–∞–ª–µ —Å—Ç–æ–ª—å–∫–æ –º–∞—Ç–∞. –°—Ç–æ–∏—Ç –ø–æ—Å–º–æ—Ç—Ä–µ—Ç—å, —á—Ç–æ–±—ã –ø–æ—Ç–æ–º –æ—Å—Ç–∞–≤–∏—Ç—å –æ—Ç–∑—ã–≤ –ø—Ä–æ –º–∞—Ç –∏ —Ä–µ–∫–æ–º–µ–Ω–¥–∞—Ü–∏—é –Ω–µ —Å–º–æ—Ç—Ä–µ—Ç—å. –û—Å–∞–¥–æ—á–µ–∫, –º—É—Ç—å –º—É—Ç–Ω–∞—è‚Ä¶",5.0
92,"–ù–∞–≤–µ—Ä–Ω–æ –º–∞—Ç, –¥–ª—è –æ–ø—Ä–µ–¥–µ–ª–µ–Ω–Ω–æ–π –∫–∞—Ç–µ–≥–æ—Ä–∏–∏ –ª—é–¥–µ–π, –Ω–æ—Ä–º–∞ –æ–±—â–µ–Ω–∏—è. –ù–æ –ø–µ—Ä–µ–≤–æ–¥ —Ñ–∏–ª—å–º–∞ –º–∞—Ç–æ–º —ç—Ç–æ –Ω–∞–≤—è–∑—ã–≤–∞–Ω–∏–µ –º–Ω–µ –≤–∞—à–µ–π —É–∑–æ—Å—Ç–∏ —É–º–∞! –°–º–æ—Ç—Ä–µ—Ç—å –Ω–∞ –±—É–¥—É.",6.0
93,"–ù—É –¥–∞–∂–µ –≤–Ω—è—Ç–Ω–æ –Ω–µ –æ–±—ä—è—Å–Ω—é –ø–æ—á–µ–º—É 4, –∫–∞–∫ —Ç–æ —Ç—É–º–∞–Ω–Ω—ã–µ –ø—Ä–æ—à–ª—ã–µ –∏—Å—Ç–æ—Ä–∏–∏ —Ä–∞—Å—Å–∫–∞–∑–∞–ª–∏. –ú–∞—Ç –±–µ—Å–∏–ª, –Ω–æ —ç—Ç–æ –≤–æ–ø—Ä–æ—Å –∫ –æ–∑–≤—É—á–∫–µ (–Ω–∞–¥–æ –ø—Ä–µ–¥—É–ø—Ä–µ–∂–¥–µ–Ω–∏–µ —Å—Ç–∞–≤–∏—Ç—å —Ç–æ–≥–¥–∞), –±—ã–ª –≤ –ø—Ä–∏–Ω—Ü–∏–ø–µ —Ç–∞–º –Ω–µ –Ω—É–∂–µ–Ω.",4.0
94,"–ù–µ—Å–º–æ—Ç—Ä—è –Ω–∞ –ø—Ä–µ–∫—Ä–∞—Å–Ω—ã–π –∞–∫—Ç–µ—Ä—Å–∫–∏–π —Å–æ—Å—Ç–∞–≤ –∫–∏–Ω–æ - –Ω–∏–∑–∫–æ–∫–∞—á–µ—Å—Ç–≤–µ–Ω–Ω–∞—è –±—Ä–µ–¥—è—Ç–∏–Ω–∞. –°—é–∂–µ—Ç —Ç—É–ø–µ–π—à–∏–π, —é–º–æ—Ä –Ω–∏–∑—à–µ–≥–æ —Å–æ—Ä—Ç–∞. –ö–∏–Ω–æ –∏ –Ω–µ –¥–ª—è –≤–∑—Ä–æ—Å–ª—ã—Ö, –∏ –Ω–µ –¥–ª—è –¥–µ—Ç–µ–π (–ø—Ä–æ—Å–∫–∞–ª—å–∑—ã–≤–∞–ª–∞ –ø–∞—Ä—É —Ä–∞–∑ –∏ –ø–æ—à–ª–æ—Å—Ç—å, –∏ –º–∞—Ç –ø—Ä–∏—Å—É—Ç—Å—Ç–≤—É–µ—Ç). –ï—Å–ª–∏ —É –≤–∞—Å –∞–¥–µ–∫–≤–∞—Ç–Ω–æ–µ —á—É–≤—Å—Ç–≤–æ —é–º–æ—Ä–∞ –∏ –µ—Å—Ç—å –≤–∫—É—Å, —Ç–æ –Ω–µ —Ç—Ä–∞—Ç—å—Ç–µ —Å–≤–æ–µ –≤—Ä–µ–º—è –Ω–∞ —ç—Ç–æ.",2.0
95,"–û–±–∞–ª–¥–µ–Ω–Ω—ã–π —Ñ–∏–ª—å–º! –í—Å–µ —É–º–µ—Å—Ç–Ω–æ!!!! –ò –ø–µ—Ä–µ–≤–æ–¥ –æ—Ç–ª–∏—á–Ω—ã–π, –∏ –º–∞—Ç –≤ —Ç–µ–º—É –∏ –≤–æ–æ–±—â–µ, –≤—Å–µ!",9.0
96,"–§–∏–ª—å–º —Ä–µ–∞–ª–∏—Å—Ç–∏—á–Ω—ã–π, —Å–º–æ—Ç—Ä–∏—Ç—Å—è –ª–µ–≥–∫–æ, –Ω–µ—Ç –Ω–∏–∫–∞–∫–æ–π –ø–æ—à–ª—è—Ç–∏–Ω—ã, –ø—Ä–æ—Å—Ç–æ —Ç–∞–∫–æ–≤–∞ –∂–∏–∑–Ω—å, –¥–∞–∂–µ –º–∞—Ç —É–º–µ—Å—Ç–µ–Ω. –ö–∞–∫ –≥–æ–≤–æ—Ä–∏—Ç—Å—è: ¬ª–ù–µ –±—ã–ª–æ –±—ã —Å—á–∞—Å—Ç—å—è, –¥–∞ –Ω–µ—Å—á–∞—Å—Ç—å–µ –ø–æ–º–æ–≥–ª–æ¬ª‚Ä¶ –ü–æ–∫–∞–∑–∞–Ω–æ —Ä–∞–∑–≤–∏—Ç–∏–µ –ù–ê–°–¢–û–Ø–©–ò–• —á—É–≤—Å—Ç–≤, –∞ –Ω–µ, –∫–∞–∫ –≤–æ –º–Ω–æ–≥–∏—Ö –¥–æ—Ä–∞–º–∞—Ö, –ø–∏–æ–Ω–µ—Ä—Å–∫–∏–π –ø–æ—Ü–µ–ª—É–π –≤ –∫–æ–Ω—Ü–µ 16-–æ–π —Å–µ—Ä–∏–∏ .. –ê–∫—Ç—ë—Ä—ã –∏–≥—Ä–∞—é—Ç –ø—Ä–µ–∫—Ä–∞—Å–Ω–æ, –æ—Å–æ–±–µ–Ω–Ω–æ –≥–ª.–≥–µ—Ä–æ–π‚Ä¶ –°–æ–≤–µ—Ç—É—é –ø–æ—Å–º–æ—Ç—Ä–µ—Ç—å..",8.0
97,"–°–º–µ—à–Ω–æ–π –º–æ–º–µ–Ω—Ç—ã —Å –∞–ª–∫–æ–≥–æ–ª–µ–º –¥–µ–ª–∞—é—Ç –¥–æ—Ä–∞–º—É –±–æ–ª–µ–µ –ø—Ä–∏–≤–ª–µ–∫–∞—Ç–µ–ª—å–Ω–æ–π. –°—é–∂–µ—Ç —Å—Ç–∞–Ω–¥–∞—Ä—Ç–Ω—ã–π, –Ω–æ –∑–∞–Ω–∏–º–∞—Ç–µ–ª—å–Ω—ã–π. –ü–æ–¥ –ø–∏–≤–æ - –æ—Ç–ª–∏—á–Ω—ã–π –≤–∞—Ä–∏–∞–Ω—Ç.",7.0
98,"–î–æ—Ä–∞–º–∞ —Å–æ —Å—Ä–µ–¥–Ω–∏–º —É—Ä–æ–≤–Ω–µ–º –∏–Ω—Ç–µ—Ä–µ—Å–∞. –ê–ª–∫–æ–≥–æ–ª—å –Ω–µ—Å–µ—Ç –≤–µ—Å–µ–ª—å–µ, –Ω–æ —Å—é–∂–µ—Ç —Å—Ç—Ä–∞–¥–∞–µ—Ç –æ—Ç —Ç–∏–ø–∏—á–Ω–æ—Å—Ç–∏. –ü–æ–¥ –ø–∏–≤–æ —Å–º–æ—Ç—Ä–∏—Ç—Å—è –Ω–µ–ø–ª–æ—Ö–æ.",6.0
99,"–î–æ —Å–µ—Ä–µ–¥–∏–Ω—ã —Ñ–∏–ª—å–º–∞ –±—ã–ª–æ –∏–Ω—Ç–µ—Ä–µ—Å–Ω–æ, –ø–æ—Ç–æ–º —Ä–µ–∞–ª—å–Ω—ã–π –º—É—Ç–Ω—è–∫. –°–ª–∞–±–æ–≤–∞—Ç—ã–π —Å—é–∂–µ—Ç, –æ—Å–æ–±–µ–Ω–Ω–æ –∫–æ–Ω—Ü–æ–≤–∫–∞. –ù–µ —Å—Ç–æ–∏—Ç —Ç—Ä–∞—Ç–∏—Ç—å –≤—Ä–µ–º—è",2.0
100,"–ù–∞—á–∞–ª–æ —Å–µ—Ä–∏–∞–ª–∞ –∏–Ω—Ç—Ä–∏–≥—É—é—â–µ–µ, —Ö–æ—Ç–µ–ª–æ—Å—å –±—ã –ø—Ä–æ–¥–æ–ª–∂–µ–Ω–∏—è. –ù–æ —Å —Å–∞–º–æ–≥–æ –Ω–∞—á–∞–ª–∞ —É–∂–µ —Å—Ç–æ–ª—å–∫–æ –±–æ–ª–∏ –ø–µ—Ä–µ–∂–∏—Ç–æ –≥–µ—Ä–æ—è–º–∏, –Ω–∞ —ç—Ç–æ–º, –≤–∏–¥–∏–º–æ, —Å—Ü–µ–Ω–∞—Ä–∏—Å—Ç—ã –Ω–µ –æ—Å—Ç–∞–Ω–æ–≤—è—Ç—Å—è...",3.0
101,"–û—á–µ–Ω—å –∫—Ä—É—Ç–æ–π —Å–µ—Ä–∏–∞–ª, —Ö–æ—á–µ—Ç—Å—è –ø—Ä–æ–¥–æ–ª–∂–µ–Ω–∏—è))) –ê–∫—Ç–µ—Ä—ã –ø—Ä–æ—Å—Ç–æ –±–æ–º–±–∞)",8.0
102,"""–ë–ª–∏–Ω, –∫–∞–∫ –∂–µ –º–Ω–µ —Å–∏–ª—å–Ω–æ –ø–æ–Ω—Ä–∞–≤–∏–ª–æ—Å—å.–Ø –≤–µ—Å—å —Ñ–∏–ª—å–º —Å–∏–¥–µ–ª–∞ –≤ –Ω–∞–ø—Ä—è–∂–µ–Ω–∏–∏, –Ω–∏ –º–∏–Ω—É—Ç—ã –º–Ω–µ –Ω–µ –±—ã–ª–æ —Å–∫—É—á–Ω–æ. –Ø –¥–∞–≤–Ω–æ –∏—Å–∫–∞–ª–∞ —Ç–∞–∫–æ–µ, —á—Ç–æ–± –º–Ω–µ –ø–æ –Ω–∞—Å—Ç–æ—è—â–µ–º—É –ø–æ–Ω—Ä–∞–≤–∏–ª–æ—Å—å. –ò –≤–æ—Ç –æ–Ω–æ.–°–∞—É–Ω–¥—Ä–µ–∫ - –±–æ–º–±–∞. –ö–∞—Ä—Ç–∏–Ω–∫–∞ —Ç–æ–∂–µ. –ö–∞–π—Ñ –∏ –¥–ª—è —É—à–µ–π, –∏ –¥–ª—è –≥–ª–∞–∑.–ï–¥–∏–Ω—Å—Ç–≤–µ–Ω–Ω—ã–π –º–∏–Ω—É—Å, –∫–æ—Ç–æ—Ä—ã–π –∏ —Ç–æ –º–æ–∂–Ω–æ —Ç–∞–∫ –Ω–∞–∑–≤–∞—Ç—å —Å –Ω–∞—Ç—è–∂–∫–æ–π, - –∫–æ–Ω—Ü–æ–≤–∫–∞. –Ø –≤–∞–º —Å–æ–≤–µ—Ç—É—é –≤—ã–∫–ª—é—á–∞—Ç—å –¥–æ—Ä–∞–º—É, –∫–æ–≥–¥–∞ –ø–æ—è–≤–∏—Ç—Å—è –Ω–∞ –±–µ–ª–æ–º —Ñ–æ–Ω–µ –∏–º—è –ü–∞–∫ –®–∏–Ω –•–µ (–æ–Ω–∞, –∫ —Å–ª–æ–≤—É, –∑–∞–º–µ—á–∞—Ç–µ–ª—å–Ω–∞—è –∞–∫—Ç—Ä–∏—Å–∞! –Ø –ø–æ–ª–Ω–∞ –ª—é–±–≤–∏ –∫ –Ω–µ–π –ø–æ—Å–ª–µ –ø—Ä–æ—Å–º–æ—Ç—Ä–∞ —Ñ–∏–ª—å–º–∞ #–∂–∏–≤–æ–π).–§–∏–ª—å–º –∏–¥–µ—Ç –≤ –ª—é–±–∏–º—ã–µ. –†–µ–∫–æ–º–µ–Ω–¥—É—é.""",10.0
103,"""–ê–∞–∞–∞! –í—ã—à–ª–∞ 7 —Å–µ—Ä–∏—è. –û–ú–ì. –û—Ç–≤–∞–ª –±–∞—à–∫–∏. –≠—Ç–æ –Ω–µ —Å–µ—Ä–∏—è - —ç—Ç–æ –≤–∑—Ä—ã–≤ —ç–º–æ—Ü–∏–π. –Ø —Ç–∞–∫–æ–π –∫–∞–π—Ñ –ø–æ–ª—É—á–∏–ª–∞. –ò –æ—Ç –ø—Ä–µ–æ–±—Ä–∞–∂–µ–Ω–∏—è, –∏ –æ—Ç —Å–ª—É—à–∞–Ω–∏—è. –õ—é–±–∏–º—ã–π —Å–µ—Ä–∏–∞–ª, –ø–æ–∂–∞–ª—É–π. –ñ–¥—É 8 —Å–µ—Ä–∏—é.""",8.0
104,"""–ù–µ—Ç —Å–ª–æ–≤ . –ü—Ä–æ—Å—Ç–æ –∫–∞–π—Ñ –∫–∞–∫–æ–π —Ç–æ. 10 –±–∞–ª–ª–æ–≤.""",9.0
105,"–°–µ—Ä–∏–∞–ª –ø–æ—Å–º–æ—Ç—Ä–µ—Ç—å –º–æ–∂–Ω–æ.–ù–æ —É–∂ –±–æ–ª—å–Ω–æ –∑–∞—Ç—è–Ω—É—Ç,–º–Ω–æ–≥–æ ""–≤–æ–¥—ã"" —Ç–∞–∫ —Å–∫–∞–∑–∞—Ç—å.–í –ø—Ä–∏–Ω—Ü–∏–ø–µ —ç—Ç–æ –≤—Å—ë –≤ —Å—Ç–∏–ª–µ —Ç—É—Ä–∫–æ–≤.–ù—É —É–∂ –æ–æ–æ—á–µ–Ω—å –∫—Ä–∞—Å–∏–≤–∞—è –ª—é–±–æ–≤—å,–Ω–µ –ø—Ä–æ –Ω–∞—à–µ –≤—Ä–µ–º—è,—É–∂ –∏–∑–≤–∏–Ω–∏—Ç–µ.–•–∏–º–∏—è –∫–æ–Ω–µ—á–Ω–æ –∂–µ –ø—Ä–∏—Å—É—Ç—Å—Ç–≤—É–µ—Ç,–Ω–æ –∫–∞–∫ –ø–æ –º–Ω–µ –æ—á–µ–Ω—å –º–∞–ª–æ —Å—Ç—Ä–∞—Å—Ç–∏,–æ–≥–Ω—è,–æ—á–µ–Ω—å –º–∞–ª–æ –ø—Ä–∏–∫–æ—Å–Ω–æ–≤–µ–Ω–∏–π,–∞ –ø—Ä–æ –ø–æ—Ü–µ–ª—É–∏ –≤–æ–æ–±—â–µ –æ—Ç–¥–µ–ª—å–Ω–∞—è —Ç–µ–º–∞,–Ω–æ –æ–ø—è—Ç—å –∂–µ ""—Å—Ç–∏–ª—å —Ç—É—Ä–∫–æ–≤""-–ø–µ—Ä–≤—ã–π –ø–æ—Ü–µ–ª—É–π —á–µ—Ä–µ–∑ 30 —Å–µ—Ä–∏–π,–ø–µ—Ä–≤–∞—è –Ω–æ—á—å —á–µ—Ä–µ–∑ 130)))",8.0
106,"–ù–µ –∑–∞—à—ë–ª –æ—Ç —Å–ª–æ–≤–∞ —Å–æ–≤—Å–µ–º. –ê–∫—Ç—ë—Ä—ã –Ω–∞–∏–≥—Ä–∞–Ω–Ω—ã–µ, –≠–¥–∞ –±–µ—Å–∏—Ç –∏ —Å—é–∂–µ—Ç –∞–±—Å–æ–ª—é—Ç–Ω–æ –ø—Ä–µ–¥—Å–∫–∞–∑—É–µ–º—ã–π.",1.0
107,–ú–ù–ï –û–ß–ï–ù–¨ –ü–û–ù–†–ê–í–ò–õ–°–Ø. –í –ù–´–ù–ï–®–ù–ï–ï –í–†–ï–ú–Ø –ü–û–ú–û–ì –ù–ï–ú–ù–û–ì–û –û–¢–í–õ–ï–ß–¨–°–Ø. –ñ–î–£ –í–¢–û–†–û–ô –°–ï–ó–û–ù –°–ï–†–ò–ê–õ–ê.,6.0
108,"–î–∞ —ç—Ç–æ –∂–µ –º–∞—Ç—å –µ–≥–æ –ø—Ä–æ—Å—Ç–æ –æ—Ö—Ä–µ–Ω–∏—Ç–µ–ª—å–Ω–æ –∫–ª–∞—Å—Å–Ω—ã–π –∏ –æ–¥–Ω–æ–≤—Ä–µ–º–µ–Ω–Ω–æ –ø–æ–∑–Ω–æ–≤–∞—Ç–µ–ª—å–Ω—ã–π —Ñ–∏–ª—å–º, –∫ –ø—Ä–æ—Å–º–æ—Ç—Ä—É –æ–¥–Ω–æ–∑–Ω–∞—á–Ω–æ –≤—Å–µ–º —Ç–µ–º –∫—Ç–æ –ª—é–±–∏—Ç —Ö–æ—Ä–æ—à–µ–µ –∏ –∫–∞—á–µ—Å—Ç–≤–µ–Ω–Ω–æ–µ –∫–∏–Ω–æ!",8.0
109,"–î–µ—Ä—å–º–∏—â–µ, –æ–¥–Ω–∞ –ø–æ—à–ª–æ—Å—Ç—å.",7.0
110,–ö–∏–Ω–æ –¥–ª—è —Ç—É–ø—ã—Ö –≥–æ–ø–Ω–∏–∫–æ–≤,6.0
111,"–Ω–∞–∫–æ–Ω–µ—Ü-—Ç–æ —Ñ–∏–ª—å–º, –∫–æ—Ç–æ—Ä—ã–π –º–æ–∂–Ω–æ –ø–æ—Å–º–æ—Ç—Ä–µ—Ç—å.. –Ω–µ –∂–∞–ª–µ—è –≤—Ä–µ–º–µ–Ω–∏..",7.0
112,"–û—Ç–≤—Ä–∞—Ç–∏—Ç–µ–ª—å–Ω—ã–π —Ñ–∏–ª—å–º,–¥–æ–ª–≥–æ,–Ω—É–¥–Ω–æ –∏ —É–∂–∞—Å–Ω–æ —Å–∫—É—á–Ω–æ...–∂–∞–ª—å –ø–æ—Ç—Ä–∞—á–µ–Ω–Ω–æ–≥–æ –≤—Ä–µ–º–µ–Ω–∏",1.0
113,"—Ñ–∏–ª—å–º —Ç—Ä–æ–Ω—É–ª –¥–æ –∫–æ—Å—Ç—è—à–µ–∫. –æ—á–µ–Ω—å –¥—É—à–µ–≤–Ω–æ –∏ –∏—Å–∫—Ä–µ–Ω–Ω–µ, –∞–∫—Ç–µ—Ä—Å–∫–∏–π —Å–æ—Å—Ç–∞–≤ –±–ª–µ—â–µ—Ç –Ω–µ —Ç–æ–ª—å–∫–æ –≤–Ω–µ—à–Ω–æ—Å—Ç—å—é, –Ω–æ –∏ –∞–∫—Ç–µ—Ä—Å–∫–∏–º –º–∞—Å—Ç–µ—Ä—Å—Ç–≤–æ–º. –≤ –Ω–∞—à–µ –≤—Ä–µ–º—è –Ω–µ —Ä–µ–¥–∫–æ –±—ã–≤–∞—é—Ç —Ç—Ä–∞–≤–ª–∏ –≤ —à–∫–æ–ª–∞—Ö, –∞ —Ö—É–∂–µ –¥–∞–∂–µ –¥–æ–º–∞. —è –Ω–∞–¥–µ—é—Å—å, —á—Ç–æ —ç—Ç–æ—Ç —Ñ–∏–ª—å–º –Ω–µ –æ–∫–∞–∂–µ—Ç—Å—è –¥–ª—è –≤–∞—Å –∂–∏–∑–Ω–µ–Ω–Ω—ã–º, –Ω–∞–¥–µ—é—Å—å, —á—Ç–æ —Ç–µ, –∫—Ç–æ –∏–∑–¥–µ–≤–∞—é—Ç—Å—è –∫–æ–≥–¥–∞-–Ω–∏–±—É–¥—å –¥–∞ –æ–¥—É–º–∞—é—Ç—Å—è.",10.0
114,"–ü—Ä–æ—Å—Ç–æ–µ,–¥—É—à–µ–≤–Ω–æ–µ –∏ –æ—Å–º—ã—Å–ª–µ–Ω–Ω–æ–µ –∫–∏–Ω–æ...–î–∞,–Ω–µ—Ç —ç—Ñ—Ñ–µ–∫—Ç–∞ –≤–∞—É –ø–æ–ª–µ –ø—Ä–æ—Å–º–æ—Ç—Ä–∞,–æ–Ω –∑–¥–µ—Å—å –Ω–µ –Ω—É–∂–µ–Ω. –ù–∞—Å—Ç–æ–ª—å–∫–æ —Ö–æ—Ä–æ—à–æ –∏ –¥—É—à–µ–≤–Ω–æ –æ—Ç –ø—Ä–æ—Å–º–æ—Ç—Ä–∞ –æ—á–µ–Ω—å –≥—Ä—É—Å—Ç–Ω–æ-–≤—Å–ø–ª–∞–∫–Ω—É—Ç—å –º–æ–∂–Ω–æ –∞–∂–ï—Å—Ç—å –Ω–∞–¥ —á–µ–º –∑–∞–¥—É–º–∞—Ç—å—Å—è. –ö–∞–∫ –Ω–µ –∫—Ä—É—Ç–∏-—Å–æ–≤–µ—Ç—É—é –∫ –ø—Ä–æ—Å–º–æ—Ç—Ä—É!",10.0
115,"–°–∫–∞–∑–∞—Ç—å –∞—Ñ–∏–≥–µ—Ç—å - —ç—Ç–æ, –∫–æ–Ω–µ—á–Ω–æ, –Ω–µ—á–µ–≥–æ –Ω–µ —Å–∫–∞–∑–∞—Ç—å. –§–∏–ª—å–º –±–æ–º–±–∞, —Å –Ω–∞—á–∞–ª–∞ –∏ –¥–æ –∫–æ–Ω—Ü–∞ –ø–æ–ª–Ω–æ–µ –Ω–∞–ø—Ä—è–∂–µ–Ω–∏–µ. –ë—É–¥—Ç–æ –º–æ—ë —Ç–µ–ª–æ —Å–∫–æ–≤–∞–ª–∏. –ê–∫—Ç—ë—Ä—Å–∫–∞—è –∏–≥—Ä–∞ –Ω–∞ –≤—ã—Å—à–µ–º —É—Ä–æ–≤–Ω–µ. –ò –≤–µ–¥—å –¥–µ–π—Å—Ç–≤–∏—Ç–µ–ª—å–Ω–æ, –≤–Ω–µ—à–Ω–æ—Å—Ç—å –º–æ–∂–µ—Ç –±—ã—Ç—å –æ–±–º–∞–Ω—á–∏–≤–∞. –ñ–∞–ª–∫–æ –∫–æ–Ω–µ—á–Ω–æ, —á—Ç–æ –Ω–∞–º –Ω–µ —Ä–∞—Å—Å–∫—Ä—ã–ª–∏ –∏—Å—Ç–æ—Ä–∏—é –º–∞–Ω—å—è–∫–∞, –ø–æ—á–µ–º—É –æ–Ω –≤—ã–±—Ä–∞–ª —Ç–∞–∫–æ–π –ø—É—Ç—å –≤ –∂–∏–∑–Ω–∏ –∏ —á—Ç–æ –µ–≥–æ –ø–æ–¥–≤–∏–≥–ª–æ –Ω–∞ —Ç–∞–∫–∏–µ –¥–µ–π—Å—Ç–≤–∏–µ, –æ—Ç —á–µ–≥–æ –µ–º—É —Å–Ω–µ—Å–ª–æ –±–æ—à–∫—É. –í–µ–¥—å –ø–æ-–ª—é–±–æ–º—É –≤ –µ–≥–æ –¥–µ—Ç—Å—Ç–≤–µ, —á—Ç–æ-—Ç–æ –ø—Ä–æ–∏–∑–æ—à–ª–æ, —á—Ç–æ —Ç–∞–∫ –ø–æ–∫–∞–ª–µ—á–∏–ª–æ –µ–≥–æ –ø–∏—Å–∏—Ö–∏–∫—É. –ù–æ –Ω–∞–º —Ç—É—Ç –ø–æ–∫–∞–∑–∞–ª–∏ –∏–º–µ–Ω–Ω–æ —ç—Ç–æ—Ç –º–æ–º–µ–Ω—Ç –∏ –æ—Ç–¥–µ–ª—å–Ω—É—é –∏—Å—Ç–æ—Ä–∏—é, –∫–æ—Ç–æ—Ä–∞—è —Ö–æ—Ä–æ—à–µ–Ω—å–∫–æ –∑–∞—Å—Ç–∞–≤–∏–ª–∞ –ø–æ–Ω–µ—Ä–≤–Ω–∏—á–∞—Ç—å. –î–∞–∂–µ —Å–µ–π—á–∞—Å, —è –ø–∏—à—É —ç—Ç–æ—Ç –æ—Ç–∑—ã–≤ –∏ –Ω–µ –º–æ–≥—É –ø–µ—Ä–µ–≤–µ—Ç–∏ –¥—ã—Ö–∞–Ω–∏–µ. –°–ª–æ–∂–Ω—ã–π –¥–ª—è –ø—Ä–æ—Å–º–æ—Ç—Ä–∞ —Ñ–∏–ª—å–º, –Ω–µ –≤—Å–µ–º –ø–æ –≤–∫—É—Å—É, –Ω–æ –µ–≥–æ —Å—Ç–æ–∏—Ç –ø–æ—Å–º–æ—Ç—Ä–µ—Ç—å. –ï–¥–∏–Ω—Å—Ç–≤–µ–Ω–Ω–æ–µ, –ø–æ—Å–ª–µ —Ç–∞–∫–∏—Ö —Ñ–∏–ª—å–º–æ–≤ —Å—Ç–∞–Ω–æ–≤–∏—Ç—Å—è –µ—â—ë —Å—Ç—Ä–∞—à–Ω–µ–µ –∂–∏—Ç—å. –ù–æ –∫ —Å–æ–∂–∞–ª–µ–Ω–∏—é –º—ã –Ω–µ —Å–ø–æ—Å–æ–±–Ω—ã –ø–æ–≤–ª–∏—è—Ç—å –Ω–∞ —ç—Ç–æ, –ø–æ—Ç–æ–º—É —á—Ç–æ –ø—Å–∏—Ö–∏ –≤—Å–µ–≥–¥–∞ –±—ã–ª–∏ –∏ –±—É–¥—É—Ç, –µ—Å–ª–∏ —á–µ–ª–æ–≤–µ–∫ –¥—É—à–µ–≤–Ω–æ –±–æ–ª–µ–Ω, –µ–º—É –º–∞–ª–æ –∫—Ç–æ –∏ —á—Ç–æ —Å–º–æ–∂–µ—Ç –ø–æ–º–æ—á—å, –∫–∞–∫ –Ω–∏ —Å—Ç–∞—Ä–∞–π—Å—è. –¢–∞–∫ —á—Ç–æ –≤—Å—ë –∑–∞–≤–∏—Å–∏—Ç –æ—Ç —É–¥–∞—á–∏, –∫–æ–º—É –ø–æ–≤–µ–∑—ë—Ç –∫–æ–º—É –Ω–µ—Ç. –ù–æ —Ç–∞–∫ –ø–æ–¥—É–º–∞—Ç—å, –µ—Å–ª–∏ –±—ã –Ω–µ –º–∞–Ω—å—è–∫–∏ –∏ —É–±–∏–π—Ü—ã, –Ω–∞—Å –Ω–∞ –ø–ª–∞–Ω–µ—Ç–µ –±—ã–ª–æ –±—ã –µ—â—ë –±–æ–ª—å—à–µ –∏ –ø—Ä–æ–±–µ–ª–º–∞ —Å –ø–µ—Ä–µ–Ω–∞—Å–µ–ª–µ–Ω–∏–µ–º –±—ã–ª–∞ –±—ã –µ—â—ë –±–æ–ª–µ–µ —Å–µ—Ä—å—ë–∑–Ω–æ–π, –∫–∞–∫ –±—ã –Ω–∞–º –Ω–µ —Ö–æ—Ç–µ–ª–æ—Å—å, —á—Ç–æ –±—ã —Ç–∞–∫–∏—Ö –ª—é–¥–µ–π –Ω–µ –±—ã–ª–æ... –í–æ–æ–±—â–µ, –≤—Å—ë –±–æ–ª—å—à–µ —Ä–∞–∑–æ—á–∞—Ä–æ–≤—ã–≤–∞—é—Å—å –≤ –∏—Å–ø–æ–ª–Ω–µ–Ω–∏–∏ —Å–ª—É–∂–±—ã –≥–æ—Å —Å–ª—É–∂–∞—â–∏—Ö. –ü—Ä–æ—Å—Ç–æ –æ—Ç–≤—Ä–∞—Ç–∏—Ç–µ–ª—å–Ω–æ –æ–Ω–∏ —Ä–∞–±–æ—Ç–∞—é—Ç. –ò–Ω—Ç–µ—Ä–µ—Å–Ω–æ –≤ –∂–∏–∑–Ω–∏ —Ç–∞–∫ –∂–µ, –∏–ª–∏ –æ–Ω–∏ —Ö–æ—Ç—è –±—ã –Ω–µ —Ç–∞–∫–∏–µ —Ç—É–ø—ã–µ? –£–∂–∞—Å–Ω–æ, —á—Ç–æ —á–µ–ª–æ–≤–µ–∫–∞ –±–µ–∑ —Å–ª—É—Ö–∞, –¥–∞–∂–µ –Ω–µ –ø—ã—Ç–∞–ª–∏—Å—å –ø–æ–Ω—è—Ç—å (–Ω—É –∏–ª–∏ –Ω–µ–¥–æ—Å—Ç–∞—Ç–æ—á–Ω–æ –ø—ã—Ç–∞–ª–∏—Å—å –ø–æ–Ω—è—Ç—å) –∏ –ø—Ä–∏—Å–ª—É—à–∞—Ç—å—Å—è –∫ –Ω–µ–π. –Ø —Å–ª—ã—à–∞–ª–∞, —á—Ç–æ –≤ –ö–æ—Ä–µ–µ –æ—á–µ–Ω—å —Ä–∞—Å–ø—Ä–æ—Å—Ç—Ä–æ–Ω–µ–Ω–∞ –ø—Ä–æ–±–ª–µ–º–∞ —Å –≤–æ—Ç —Ç–∞–∫–∏–º–∏ –ø—Å–∏—Ö–∞–º–∏ –∏ –º–∞–Ω—å—è–∫–∞–º–∏ –∏ —ç—Ç–æ —É–∂–∞—Å–Ω–æ... –ù–µ –æ—Ç —Ö–æ—Ä–æ—à–µ–π –∂–∏–∑–Ω–∏ —É –ª—é–¥–µ–π —Å–ª–µ—Ç–∞–µ—Ç –∫—É–∫—É—Ö–∞. –ë–µ–¥–Ω—ã–º –¥–µ–≤—É—à–∫–∞–º –¥–∞–∂–µ —ç—Ç–∏ —Å—Ç–æ–ª–±—ã —Å–∏–≥–Ω–∞–ª–∏–∑–∞—Ü–∏–∏ –Ω–µ –ø–æ–º–æ–≥–∞—é—Ç... –í–∏ –•–∞ –ß–∂—É–Ω, –∫–æ–Ω–µ—á–Ω–æ, —É–º–Ω–∏—Ü–∞. –£–¥–∏–≤–∏—Ç–µ–ª—å–Ω–æ, –∫–∞–∫ —á–µ–ª–æ–≤–µ–∫ –º–æ–∂–µ—Ç –ø–µ—Ä–µ–≤–æ–ø–ª–æ—â–∞—Ç—å—Å—è –≤ —Ä–∞–∑–Ω—ã–µ —Ä–æ–ª–∏. –°–º–æ—Ç—Ä—é –Ω–∞ –Ω–µ–≥–æ –ø–æ—Å–ª–µ –ò–≥—Ä—ã –≤ –∫–∞–ª—å–º–∞—Ä–∞, —Ç–æ –µ—Å—Ç—å —ç—Ç–æ —Ç–æ–ª—å–∫–æ 2–∞—è –¥–æ—Ä–∞–º–∞ —Å –µ–≥–æ —É—á–∞—Å—Ç–∏–µ–º –∏ —É–∂–µ –≤–æ—Å—Ö–∏—â–∞—é—Å—å –∞–∫—Ç—ë—Ä—Å–∫–∏–º –º–∞—Å—Ç–µ—Ä—Å—Ç–≤–æ–º.",10.0
116,–ß—É–¥–µ—Å–Ω–æ–µ –∫–∏–Ω–æ. –ù–∞—Å–∫–≤–æ–∑—å –∏—Ä–æ–Ω–∏—á–µ—Å–∫–æ–µ –∏ –¥—Ä–∞–º–∞—Ç–∏—á–µ—Å–∫–æ–µ –æ–¥–Ω–æ–≤—Ä–µ–º–µ–Ω–Ω–æ.,4.0
117,"–§–∏–ª—å–º –¥–µ–π—Å—Ç–≤–∏—Ç–µ–ª—å–Ω–æ —Å—Ç–æ–∏—Ç –ø–æ—Å–º–æ—Ç—Ä–µ—Ç—å.\
–ö–æ–≥–¥–∞ –≤–∑—Ä–æ—Å–ª—ã–µ —Å–ª–∞–±—ã–µ  –¥—É—à–µ–≤–Ω–æ –∏ –º–æ—Ä–∞–ª—å–Ω–æ –æ–Ω–∏  —Å—Ç–∞—Ä–∞—é—Ç—Å—è  –≤—Å–µ–º–∏ —Å–ø–æ—Å–æ–±–∞–º–∏ —É–±–∏—Ç—å —Å–∏–ª—å–Ω—ã–µ –∫–∞—á–µ—Å—Ç–≤–∞ –≤ –º–æ–ª–æ–¥–µ–∂–∏.\
–°–ø–∞—Å–∏–±–æ –≤—Å–µ–º –∫—Ç–æ —É—á–∞—Å—Ç–≤–æ–≤–∞–ª  –≤ —Å–æ–∑–¥–∞–Ω–∏–µ  —Ñ–∏–ª—å–º–∞.\
–£–¥–∞—á–∏ –∏ –∂–¥—É  —Å –Ω–µ—Ç–µ—Ä–ø–µ–Ω–∏–µ–º  –≤–∞—à–∏—Ö –Ω–æ–≤—ã—Ö –∏–Ω—Ç–µ—Ä–µ—Å–Ω—ã—Ö –∫–∞—Ä—Ç–∏–Ω",9.5
118,–ë–æ–∂–µ —Å—Ç–æ–ª—å–∫–æ —Å–ª–µ–∑ —è —Ç–∞–∫ –¥—É—à–µ–≤–Ω–æ –¥–∞–≤–Ω–æ –Ω–µ —Ä—ã–¥–∞–ª–∞,9.0
119,–≠—Ç–æ –ø–æ—Ç—Ä—è—Å–∞—é—â–∏–π –±—Ä–µ–¥! –ì–ª—É–ø—ã–π –ª–∏ —ç—Ç–æ—Ç —Ñ–∏–ª—å–º? –û–¥–Ω–æ–∑–Ω–∞—á–Ω–æ –¥–∞! –ù–æ –≤–æ–∑–º–æ–∂–Ω–æ –∏–º–µ–Ω–Ω–æ –≤ —ç—Ç–æ–º –∏ –∫—Ä–æ–µ—Ç—Å—è –µ–≥–æ –æ–±–∞—è–Ω–∏–µ. –û–±–∏–ª–∏–µ –Ω–µ –≤—Å–µ–≥–¥–∞ –∑–∞—Ö–æ–¥—è—â–∏—Ö —à—É—Ç–æ–∫ –∏ –Ω–µ–≤–µ—Ä–æ—è—Ç–Ω–∞—è —Ö–∞—Ä–∏–∑–º–∞ –≥–ª–∞–≤–Ω—ã—Ö –≥–µ—Ä–æ–µ–≤ –¥–µ–ª–∞—é—Ç —Å–≤–æ—ë –¥–µ–ª–æ. –û—Å–æ–±–µ–Ω–Ω–æ –µ—Å–ª–∏ —Å–º–æ—Ç—Ä–µ—Ç—å —ç—Ç—É –ª–µ–Ω—Ç—É –ø–æ–¥ –ø–∏–≤–æ —Å –∫—É—Ä–æ—á–∫–æ–π.,10.0
120,–§–∏–ª—å–º –ø—Ä–æ—Å—Ç–æ –æ—Ç—Å—Ç–æ–π. –ê–∫—Ç–µ—Ä—ã —Ö–æ—Ä–æ—à–∏–µ- –∞ –≤—Å–µ –æ—Å—Ç–∞–ª—å–Ω–æ–µ –º—É—Ç—å –º—É—Ç–Ω–∞—è. –ø–æ—Ç–µ—Ä—è–Ω–Ω–æ–µ –≤—Ä–µ–º—è. –ù–µ —Å–æ–≤–µ—Ç—É—é!!!!!,1.0
121,"–û—Ç–ª–∏—á–Ω—ã–π —Ñ–∏–ª—å–º! –ö–∞–∂–¥—ã–π —Ö–æ—Ä–æ—à –Ω–∞ —Å–≤–æ–µ–º –º–µ—Å—Ç–µ, —ç—Ç–æ –±—ã –≤—Å–µ–º –ø–æ–Ω—è—Ç—å –∏ –±—ã–ª–æ –±—ã —Å—á–∞—Å—Ç—å–µ",4.0
122,–ù—É–¥–Ω–æ–≤–∞—Ç—ã–π —Ñ–∏–ª—å–º. –ë–æ–ª—å–Ω–æ —É–∂ —Å–æ–ø–ª–∏–≤—ã–π –∫–∞–∫–æ–π-—Ç–æ.,2.0
124,"–¢—Ä–∏–ª–ª–µ—Ä —Å –æ—Ç–∫—Ä—ã—Ç—ã–º –∫–æ–Ω—Ü–æ–º. –î–µ—Ç–µ–∫—Ç–∏–≤–Ω–∞—è —á–∞—Å—Ç—å –æ—á–µ–Ω—å —Å—Ç—Ä–∞–Ω–Ω–∞—è , –Ω–æ –±—ã–ª–æ –∏–Ω—Ç–µ—Ä–µ—Å–Ω–æ —á–µ–º –∂–µ –≤—Å—ë –∑–∞–∫–æ–Ω—á–∏—Ç—Å—è. –°–º–æ—Ç—Ä—è —Ç—Ä–∏–ª–ª–µ—Ä –ø—Ä–µ–¥—Å—Ç–∞–≤–ª—è–ª–∞ —á—Ç–æ-—Ç–æ –ø–æ—ç–ø–∏—á–Ω–µ–µ, —Å—Ä–∞–∑—É –ø–æ—Å–ª–µ –ø—Ä–æ—Å–º–æ—Ç—Ä–∞ —Ç–∞–∫ –∏ –æ—â—É—â–∞–ª–æ—Å—å, –Ω–æ —É–∂–µ –Ω–∞ —Å–ª–µ–¥—É—é—â–∏–π –¥–µ–Ω—å –∫ —Å–æ–∂–∞–ª–µ–Ω–∏—é –≤—Å–µ —ç–º–æ—Ü–∏–∏ –æ—Å—Ç—ã–ª–∏. –ù–æ –∫–∞–π—Ñ –æ—Ç –ª–∏—Ü–µ–∑—Ä–µ–Ω–∏—è –Ω–∞ –º–µ—Å—Ç–Ω–æ–≥–æ –ø—Å–∏—Ö–æ–ø–∞—Ç–∞ —è –≤—Å—ë –∂–µ –ø–æ–ª—É—á–∏–ª–∞,—Å–ø–∞—Å–∏–±–æ. –í—ã–≤–æ–¥: –æ–±—ã—á–Ω—ã–π –ø—Ä–æ—Ö–æ–¥–Ω—è–∫ –¥–ª—è –æ—Å—Ç—Ä—ã—Ö –æ—â—É—â–µ–Ω–∏–π –¥–ª—è —Ç–µ—Ö –∫—Ç–æ –ª—é–±–∏—Ç —Å–º–æ—Ç—Ä–µ—Ç—å —á—Ç–æ-—Ç–æ –ø—Ä–æ –ø—Å–∏—Ö–æ–ø–∞—Ç–æ–≤ —Å –∫—Ä–∞—Å–∏–≤—ã–º –ª–∏—Ü–æ–º.",8.0
125,"–ú–ê –î–û–ù –°–û–ö –∫–∞–∫ –≤–∏–Ω–æ —Å –≥–æ–¥–∞–º–∏ –≤—Å–µ –ª—É—á—à–µ –∏ –ª—É—á—à–µ , –æ–±–æ–∂–∞—é —ç—Ç–æ–≥–æ –∞–∫—Ç–µ—Ä–∞ , –∏ —Å–∞–º —Ñ–∏–ª—å–º –ø—Ä–æ—Å—Ç–æ –æ—Ñ–∏–≥–µ–Ω–Ω—ã–π , –∫–∞–∫ —è –ª—é–±–ª—é , –≤—Å–µ –Ω–∞ –≤—ã—Å–æ—Ç–µ 10 –∏–∑ 10\
–°–æ–≤–µ—Ç—É—é –¥—Ä—É–≥–∏–µ —Ä–∞–±–æ—Ç—ã —ç—Ç–æ–≥–æ –∞–∫—Ç–µ—Ä–∞",9.0
126,"–ø—É—à–∫–∞ —Å–µ—Ä–∏–∞–ª, —É–≤–æ–ª–∏–ª–∞—Å—å, —á—Ç–æ–±—ã –µ–≥–æ —Å–º–æ—Ç—Ä–µ—Ç—å",7.0
127,"–ì–ª–∞–≤–Ω—ã–π –≥–µ—Ä–æ–π ‚Äî —Å—É–ø–µ—Ä –∫—Ä–∞—Å–∞–≤—á–∏–∫ –∏ —Ç–æ–ª—å–∫–æ —Ä–∞–¥–∏ –Ω–µ–≥–æ —Å–º–æ—Ç—Ä–µ–ª–∞ —Ñ–∏–ª—å–º. –ë—ã–ª–∞ –±—ã —Ä–∞–¥–∞, –µ—Å–ª–∏ –±—ã –Ω–µ —Ç–æ–ª—å–∫–æ, –Ω–æ, –∫ —Å–æ–∂–∞–ª–µ–Ω–∏—é, –∏ –≤–Ω–µ—à–Ω–æ—Å—Ç—å –∞–∫—Ç—Ä–∏—Å—ã –Ω–∞ –ª—é–±–∏—Ç–µ–ª—è, –∏ –ø—Ä–∏—Ç—è–∂–µ–Ω–∏—è –º–µ–∂–¥—É –≥–≥ –Ω–µ —á—É–≤—Å—Ç–≤—É–µ—Ç—Å—è. –û–Ω –µ–π —É–ª—ã–±–∞–µ—Ç—Å—è, –ø—ã—Ç–∞–µ—Ç—Å—è –∏–∑–æ–±—Ä–∞–∑–∏—Ç—å –∏–Ω—Ç–µ—Ä–µ—Å, –Ω–æ –Ω–µ –≤–µ—Ä—é. –ò –Ω–µ –≤ –∏–≥—Ä—É –∞–∫—Ç–µ—Ä—Å–∫—É—é –Ω–µ –≤–µ—Ä—é, –∞ –≤ —Ç–æ, —á—Ç–æ –æ–Ω–∞ –º–æ–≥–ª–∞ –≤—ã–∑–≤–∞—Ç—å –µ–≥–æ –∏–Ω—Ç–µ—Ä–µ—Å. –ù–µ—Ç —É –Ω–µ–µ –Ω–∏ —Ö–∞—Ä–∏–∑–º—ã, –Ω–∏ –æ–±–∞—è–Ω–∏—è ‚Äî –Ω–∏—á–µ–≥–æ –Ω–µ—Ç.\
–ò –≤–æ—Ç –≤–æ–∑—å–º–µ–º –º–æ–º–µ–Ω—Ç, –∫–æ–≥–¥–∞ –æ–Ω –≤–∏–¥–∏—Ç –µ–µ –±—ã–≤—à–µ–≥–æ ‚Äî —ç—Ç–∏ –¥–≤–æ–µ –º—É–∂—á–∏–Ω —Ä—è–¥–æ–º, –∫–∞–∫ –ø–∞–ª–µ–Ω–∞—è –≤–æ–¥–∫–∞ –∏ —ç–ª–∏—Ç–Ω–æ–µ –≤–∏–Ω–æ. –ï—Å–ª–∏ —É—Ä–æ–≤–µ–Ω—å —ç—Ç–æ–π –∂–µ–Ω—â–∏–Ω—ã ‚Äî –ø–∞–ª–µ–Ω–∞—è –≤–æ–¥–∫–∞, —Ç–æ –∫ —ç–ª–∏—Ç–Ω–æ–º—É –≤–∏–Ω—É –æ–Ω–∞ –ø—Ä–æ—Å—Ç–æ –Ω–µ –≥–æ—Ç–æ–≤–∞ –∏ –Ω–µ—á–µ–≥–æ –ø—Ä–æ–¥—É–∫—Ç –ø–µ—Ä–µ–≤–æ–¥–∏—Ç—å –Ω–∞ —Ç—É, –∫–æ–º—É –≤—Å–µ —Ä–∞–≤–Ω–æ —á–µ–º –Ω–∞–ø–∏–≤–∞—Ç—å—Å—è.\
–•–æ—Ç—è –ø–æ—Ü–µ–ª—É–π –≤ –∫–æ–Ω—Ü–µ –≤—Å–µ –∂–µ –±—ã–ª –Ω–µ –ø–ª–æ—Ö (–Ω–æ –ø–æ—Å–ª–µ–¥–Ω—è—è —Å—Ü–µ–Ω–∞ —Å —Ä–æ–¥–∏—Ç–µ–ª—è–º–∏ –∏—Å–ø–æ—Ä—Ç–∏–ª–∞ –≤—Å–µ –≤–ø–µ—á–∞—Ç–ª–µ–Ω–∏–µ –∏ —è–≤–Ω–æ –±—ã–ª–∞ –ª–∏—à–Ω–µ–π) –∏ –º–æ–∂–Ω–æ —Å–∫–∞–∑–∞—Ç—å, —á—Ç–æ —ç—Ç–∞ –ø–∞—Ä–∞ –º–æ–≥–ª–∞ –±—ã –æ—Ç–ª–∏—á–Ω–æ –≤—ã–≥–ª—è–¥–µ—Ç—å –≤ –∫–∞–∫–æ–º-–Ω–∏–±—É–¥—å –¥–µ—Ç–µ–∫—Ç–∏–≤–Ω–æ–º —Å–µ—Ä–∏–∞–ª–µ, –≥–¥–µ –æ–Ω–∏ –±—ã–ª–∏ –±—ã –Ω–∞–ø–∞—Ä–Ω–∏–∫–∞–º–∏ –∏ –ø–æ—Å—Ç–µ–ø–µ–Ω–Ω–æ —Ä–∞–∑–≤–∏–≤–∞–ª–∏ –æ—Ç–Ω–æ—à–µ–Ω–∏—è –Ω–∞ –æ—Å–Ω–æ–≤–µ –¥—Ä—É–∂–±—ã –∏ —Å–æ—Ç—Ä—É–¥–Ω–∏—á–µ—Å—Ç–≤–∞.\
–í –æ–±—â–µ–º, –ª—é–±—É–µ–º—Å—è –∫—Ä–∞—Å–∏–≤—ã–º –º—É–∂—á–∏–Ω–æ–π, –æ–Ω —ç—Ç–æ–≥–æ —Å—Ç–æ–∏—Ç.",7.0
128,"–ù—É, –Ω–µ–µ–µ–µ—Ç. –ù–µ —Å–æ–≥–ª–∞—Å–Ω–∞ —Å –≤–æ—Å—Ö–∏—â–µ–Ω–Ω—ã–º–∏ –æ—Ç–∑—ã–≤–∞–º–∏. –§–∏–ª—å–º- —Ç–∞–∫–æ–µ —Å–µ–±–µ. –≠—Ä–æ—Ç–∏–∫–∞, –¥–∞, –∏ —Ç–æ‚Ä¶–Ω–µ —à–∏–±–∫–æ —á—É–≤—Å—Ç–≤–µ–Ω–Ω–∞—è. –û—á–µ–Ω—å –∑–∞—Ç—è–Ω—É—Ç–æ –∏ —Å–∫—É—á–Ω–æ. –ì–ª–∞–≤–Ω–æ–º—É –≥–µ—Ä–æ–π –ø–æ –ø–æ–∑–∏—Ç–∏–≤–Ω—ã–º –≤—ã—Ä–∞–∂–µ–Ω–∏—è–º –ª–∏—Ü –∏–≥—Ä–∞—Ç—å —Ç–æ–ª—å–∫–æ –≤–ª—é–±–ª—ë–Ω–Ω—ã—Ö –∫—Ä–∞—Å–∞–≤—á–∏–∫–æ–≤, –∞ –Ω–µ –æ—Ç—Ü–æ–≤ —Å –±–æ–ª—å–Ω–æ–π –∂–µ–Ω–æ–π –∏ —Ä–µ–±—ë–Ω–∫–æ–º. –£–∂ —Å–ª–∏—à–∫–æ–º –ø–æ–∑–∏—Ç–∏–≤–µ–Ω –∏ –º–æ–ª–æ–¥ –¥–ª—è –≥–ª–∞–≤–Ω–æ–π –≥–µ—Ä–æ–∏–Ω–∏. –ê –≥–ª–∞–≤–Ω–∞—è –≥–µ—Ä–æ–∏–Ω—è‚Ä¶—ç—Ç–æ –≤–æ–æ–±—â–µ —Ç—Ä–µ—à, —É–≥–∞—Ä –∏ —Å–æ–¥–æ–º–∏—è. –ò–ú–•–û.",8.0
129,–±–ª–∏–Ω –æ—Ç –¥—É—à–∏ –ø–æ—Ä–∂–∞–ª –∫–ª–∞—Å–Ω—ã–π —Ñ–∏–ª—å–º–µ—Ü,10.0
130,"–î–µ—Ç—Å–∫–æ-–ø–æ–¥—Ä–æ—Å—Ç–∫–æ–≤—ã–π —Ñ–∏–ª—å–º-–ø—Ä–∏–∫–æ–ª, —Å–Ω—è—Ç—ã–π 14-–ª–µ—Ç–Ω–∏–º–∏ –¥–µ–≤–æ—á–∫–∞–º–∏-–ø–æ–¥—Ä–æ—Å—Ç–∫–∞–º–∏ –≤ –≥–∞—Ä–∞–∂–µ)) –ü–æ—Ä–∂–∞–ª –∑–Ω–∞—Ç–Ω–æ)) –Ø –Ω–µ –ø–æ–Ω–∏–º–∞—é, –∫—Ç–æ —É –Ω–∞—Å –æ—Å—É—â–µ—Å—Ç–≤–ª—è–µ—Ç —Ü–µ–Ω–∑—É—Ä—É –≤ –∏–Ω—Ç–µ—Ä–Ω–µ—Ç–µ –∏ –Ω–∞ —Ç–µ–ª–µ–≤–∏–¥–µ–Ω–∏–∏, –∏ –Ω–µ –ø—Ä–æ–ø—É—Å–∫–∞–µ—Ç –Ω–∞–º –≤ –†–æ—Å—Å–∏–∏ –∫ –ø—Ä–æ—Å–º–æ—Ç—Ä—É –ø–æ–ø—É–ª—è—Ä–Ω—ã–µ —è–ø–æ–Ω—Å–∫–∏–µ —Ñ–∏–ª—å–º—ã, –∫–æ—Ç–æ—Ä—ã–µ —Å–º–æ—Ç—Ä—è—Ç —Å–∞–º–∏ —è–ø–æ–Ω—Ü—ã;)) –Ø –∂–∏–ª –≤ –Ø–ø–æ–Ω–∏–∏. –û—á–µ–Ω—å –ø–∞—Ç—Ä–∏–∞—Ä—Ö–∞–ª—å–Ω–∞—è —Å—Ç—Ä–∞–Ω–∞ —Å–æ —Å–≤–æ–∏–º–∏ —Ç—Ä–∞–¥–∏—Ü–∏—è–º–∏. –û—á–µ–Ω—å —Å–≤–æ–µ–æ–±—Ä–∞–∑–Ω—ã–º–∏. –Ø–ø–æ–Ω—Ü—ã –æ—á–µ–Ω—å —É–º–Ω—ã–µ –∏ –¥–∞–ª–µ–∫–æ –Ω–µ –¥—É—Ä–∞–∫–∏; —É –Ω–∏—Ö –≤ —Å—Ç—Ä–∞–Ω–µ –Ω–µ—Ç –Ω–∏–∫–∞–∫–∏—Ö –ø—Ä–∏—Ä–æ–¥–Ω—ã—Ö —Ä–µ—Å—É—Ä—Å–æ–≤,—É –Ω–∏—Ö –Ω–µ—Ö–≤–∞—Ç–∫–∞ –∑–µ–º–ª–∏ –∏ –ø—Ä–∞–∫—Ç–∏—á–µ—Å–∫–∏ –Ω–∏—á–µ–≥–æ –Ω–µ—Ç. —Ç–µ–º –Ω–µ –º–µ–Ω–µ–µ —ç—Ç–æ –≤—ã—Å–æ–∫–æ—Ä–∞–∑–≤–∏—Ç–∞—è —Å—Ç—Ä–∞–Ω–∞. –≠–¢–û –î–ï–†–¨–ú–û,–ö–û–¢–û–†–û–ï –£ –ù–ê–° –í–´–î–ê–Æ–¢ –ó–ê –Ø–ü–û–ù–°–ö–ò–ï –§–ò–õ–¨–ú–´ –ò –ê–ù–ò–ú–ï –£ –ù–ò–• –ù–ò–ö–¢–û –ù–ï –°–ú–û–¢–†–ò–¢))–ï–≥–æ –Ω–∏–∫—Ç–æ –Ω–µ –≤–∏–¥–µ–ª)) –ù–∞—à–∏—Ö —Ü–µ–Ω–∑–æ—Ä–æ–≤ –Ω–∞–¥–æ –Ω–∞ –ø–æ–º–æ–π–∫—É -–Ω–∞–¥–æ –∏—Ö –Ω–∞ –≥–æ–¥ –æ—Ç–ø—Ä–∞–≤–∏—Ç—å –≤ –Ø–ø–æ–Ω–∏—é, —á—Ç–æ–±—ã –æ–Ω–∏ –ø–æ–Ω—è–ª–∏ –∏ –ø–æ—Å–º–æ—Ç—Ä–µ–ª–∏ –Ω–æ—Ä–º–∞–ª—å–Ω—ã–µ —è–ø–æ–Ω—Å–∫–∏–µ —Ñ–∏–ª—å–º—ã –∏ –∫–∞–∫–æ–µ –∞–Ω–∏–º–µ —Å–º–æ—Ç—Ä—è—Ç –≤ –Ø–ø–æ–Ω–∏–∏, –∞ –Ω–µ —Ç–æ –≥-–Ω–æ, –∫–æ—Ç–æ—Ä–æ–µ –æ–Ω–∏ –Ω–∞–º –≤ –†–æ—Å—Å–∏–∏ –≤—ã–¥–∞—é—Ç –∑–∞ —è–ø–æ–Ω—Å–∫–∏–µ —Ñ–∏–ª—å–º—ã –∏ –∞–Ω–∏–º–µ::))",10.0
131,"–õ–µ–≥–∫–∏–π —Å–µ—Ä–∏–∞–ª –Ω–∞ 1 —Ä–∞–∑. –ö–æ–Ω—Ü–æ–≤–∫—É —Å–∫–æ–º–∫–∞–ª–∏. –û—á–µ–Ω—å –ø–æ–Ω—Ä–∞–≤–∏–ª–∞—Å—å –∞–∫—Ç—Ä–∏—Å–∞ –î–∂–µ–º—Ä–µ –ë–∞–π—Å–µ–ª. –°–µ–π—á–∞—Å —Å–º–æ—Ç—Ä—é –Ω–æ–≤—ã–π —Å–µ—Ä–∏–∞–ª —Å –Ω–µ–π ""–ö—Ä–∞—Å–∏–≤–µ–µ —Ç–µ–±—è"".",4.0
132,"–ê–±—Å–æ–ª—é—Ç–Ω–∞—è –≥–ª—É–ø–æ—Å—Ç—å –∏ –Ω–µ–ø—Ä–∞–≤–¥–æ–ø–æ–¥–æ–±–Ω–æ—Å—Ç—å. –í–æ—Ç –∏–Ω—Ç–µ—Ä–µ—Å–Ω–æ, –Ω–∞ –∫–∞–∫—É—é –∞—É–¥–∏—Ç–æ—Ä–∏—é —Ä–∞—Å—Å—á–∏—Ç–∞–Ω —Å–µ—Ä–∏–∞–ª? –î–ª—è –ª—é–¥–µ–π —Å –∏–Ω—Ç–µ–ª–ª–µ–∫—Ç–æ–º –Ω–∏–∂–µ —Ç–æ—á–∫–∏ –∑–∞–º–µ—Ä–∑–∞–Ω–∏—è? –°–µ—Ä–∏–∞–ª - –ø–æ–ª–Ω—ã–π –±—Ä–µ–¥.",1.0
133,"–≠—Ç–æ –Ω–∞—Å—Ç–æ–ª—å–∫–æ –ø–ª–æ—Ö–æ, —á—Ç–æ –≤–æ–æ–±—â–µ –Ω–µ –≤—ã–∑—ã–≤–∞–µ—Ç –Ω–∏–∫–∞–∫–∏—Ö —ç–º–æ—Ü–∏–π.",1.0
134,"–û–π, –Ω–µ –Ω–∞–¥–æ, –Ω–µ —Ç—Ä–∞—Ç—å—Ç–µ —Å–≤–æ–µ –≤—Ä–µ–º—è –Ω–∞ —ç—Ç—É —á—É—à—å! –ø–∏–≤–æ –Ω–µ –ø–æ–º–æ–∂–µ—Ç",2.0
135,–ë—Ä–µ–¥. –ù–µ –ø–æ–Ω—è—Ç–Ω–æ –æ—Ç–∫—É–¥–∞ —Ç–∞–∫–æ–π –≤—ã—Å–æ–∫–∏–π —Ä–µ–π—Ç–∏–Ω–≥...,1.0
136,"–û—Ç–ª–∏—á–Ω—ã–π, –ª—ë–≥–∫–∏–π —Å–µ—Ä–∏–∞–ª. –ù–µ –Ω–∞–ø—Ä—è–∂–Ω—ã–π. –ë–µ–∑ —Å–ª–µ–∑, –∫—Ä–∏–∫–æ–≤, —Å–∫–∞–Ω–¥–∞–ª–æ–≤. –≠—Ç–æ—Ç —Ñ–∏–ª—å–º —Å–¥–µ–ª–∞–ª –º–æ—ë –≤–æ—Å–∫—Ä–µ—Å–µ–Ω–∏–µ.",5.0
137,"–õ–µ–≥–∫–∏–π —Å–µ—Ä–∏–∞–ª, –∏–Ω—Ç–µ—Ä–µ—Å–Ω–æ –ø–æ—Å–º–æ—Ç—Ä–µ—Ç—å, —á—Ç–æ–±—ã –æ—Ç–¥–æ—Ö–Ω—É—Ç—å. –ù–µ –≥—Ä—É–∑–∏—Ç –ø–æ–¥—Ä–æ–±–Ω–æ—Å—Ç—è–º–∏ –∏ –¥–µ—Ç–∞–ª—è–º–∏, —á—Ç–æ —Ö–æ—Ä–æ—à–æ, –∫–æ–≥–¥–∞ –º–æ–∑–≥ –µ–∂–µ–¥–Ω–µ–≤–Ω–æ –∏ —Ç–∞–∫ –∑–∞–≥—Ä—É–∂–µ–Ω....",4.0
138,–†–µ–∞–ª–∏—Å—Ç–∏—á–Ω–æ. –ñ—ë—Å—Ç–∫–æ. –ê–∫—Ç—ë—Ä—ã - —Å—É–ø–µ—Ä. –û—á–µ–Ω—å –∂–∞–ª—å.,5.0
139,–§–∏–ª—å–º —Å–∏–ª—å–Ω—ã–π!!! –û—á–µ–Ω—å —Ç—è–∂—ë–ª–∞—è –∏ –Ω–µ—Å–ø—Ä–∞–≤–µ–¥–ª–∏–≤–∞—è —Å—É–¥—å–±–∞! –º–æ–∂–Ω–æ —Ç–æ–ª—å–∫–æ –∑–∞–±—É—Ö–∞—Ç—å –ø–æ—Å–ª–µ —ç—Ç–æ–≥–æ,5.0
140,"–†–µ–∞–ª–∏—Å—Ç–∏—á–Ω—ã–π, –±–µ–∑ –ø—Ä–∏–∫—Ä–∞—Å. –ö–∞–∫ –µ—Å—Ç—å, –≤—Å–µ –ø–æ–∫–∞–∑–∞–Ω–æ. –ñ–∏–∑–Ω–µ–Ω–Ω—ã–π, —á–µ–º –∏ –ø–æ–Ω—Ä–∞–≤–∏–ª—Å—è. –í—ã–∂–∏–≤–∞–µ—Ç —Å–∏–ª—å–Ω–µ–π—à–∏–π. –ö–∏–Ω–æ –ø—Ä–æ —Ç—Ä—É–¥–Ω–æ—Å—Ç–∏ –≤—ã–∂–∏–≤–∞–Ω–∏—è –≤ —Å–ø–æ—Ä—Ç–µ –∏ –≤ –∂–∏–∑–Ω–∏",4.0
141,"–î–∞ —É–∂, –Ω—É –∏ –∏—Å—Ç–æ—Ä–∏—è –ø–æ–¥ –ø–∏–≤–æ –Ω–µ –ø–æ–π–¥–µ—Ç",1.0
